id,prefecture,exam,year,era,examType,subject,docType,title,sourceName,originalRelativePath,file,archivePath,bytes,school
2015-general-01-99,岡山県,高校入試,2015,H27,一般入試,国語,問題・解答,H27 一般入試 国語 問題・解答,H27_一般入試_国語_問題_解答.pdf,2015/一般入試/01_国語/H27_一般入試_国語_問題_解答.pdf,data/岡山県_高校入試問題/2015/一般入試/01_国語/H27_一般入試_国語_問題_解答.pdf,,5103813,岡山県
2015-general-02-99,岡山県,高校入試,2015,H27,一般入試,数学,問題・解答,H27 一般入試 数学 問題・解答,H27_一般入試_数学_問題_解答.pdf,2015/一般入試/02_数学/H27_一般入試_数学_問題_解答.pdf,data/岡山県_高校入試問題/2015/一般入試/02_数学/H27_一般入試_数学_問題_解答.pdf,,2949298,岡山県
2015-general-03-99,岡山県,高校入試,2015,H27,一般入試,英語,問題・解答,H27 一般入試 英語 問題・解答,H27_一般入試_英語_問題_解答.pdf,2015/一般入試/03_英語/H27_一般入試_英語_問題_解答.pdf,data/岡山県_高校入試問題/2015/一般入試/03_英語/H27_一般入試_英語_問題_解答.pdf,,6485415,岡山県
2015-general-04-99,岡山県,高校入試,2015,H27,一般入試,理科,問題・解答,H27 一般入試 理科 問題・解答,H27_一般入試_理科_問題_解答.pdf,2015/一般入試/04_理科/H27_一般入試_理科_問題_解答.pdf,data/岡山県_高校入試問題/2015/一般入試/04_理科/H27_一般入試_理科_問題_解答.pdf,,5850339,岡山県
2015-general-05-99,岡山県,高校入試,2015,H27,一般入試,社会,問題・解答,H27 一般入試 社会 問題・解答,H27_一般入試_社会_問題_解答.pdf,2015/一般入試/05_社会/H27_一般入試_社会_問題_解答.pdf,data/岡山県_高校入試問題/2015/一般入試/05_社会/H27_一般入試_社会_問題_解答.pdf,,5524938,岡山県
2015-general-99-99,岡山県,高校入試,2015,H27,一般入試,その他,その他,H27 一般入試 その他 その他,H27_一般入試_その他_その他.pdf,2015/一般入試/99_その他/H27_一般入試_その他_その他.pdf,data/岡山県_高校入試問題/2015/一般入試/99_その他/H27_一般入試_その他_その他.pdf,,354768,岡山県
2015-special-01-99,岡山県,高校入試,2015,H27,特別入試,国語,問題・解答,H27 特別入試 国語 問題・解答,H27_特別入試_国語_問題_解答.pdf,2015/特別入試/01_国語/H27_特別入試_国語_問題_解答.pdf,data/岡山県_高校入試問題/2015/特別入試/01_国語/H27_特別入試_国語_問題_解答.pdf,,4455688,岡山県
2015-special-02-99,岡山県,高校入試,2015,H27,特別入試,数学,問題・解答,H27 特別入試 数学 問題・解答,H27_特別入試_数学_問題_解答.pdf,2015/特別入試/02_数学/H27_特別入試_数学_問題_解答.pdf,data/岡山県_高校入試問題/2015/特別入試/02_数学/H27_特別入試_数学_問題_解答.pdf,,3126173,岡山県
2015-special-03-99,岡山県,高校入試,2015,H27,特別入試,英語,問題・解答,H27 特別入試 英語 問題・解答,H27_特別入試_英語_問題_解答.pdf,2015/特別入試/03_英語/H27_特別入試_英語_問題_解答.pdf,data/岡山県_高校入試問題/2015/特別入試/03_英語/H27_特別入試_英語_問題_解答.pdf,,6386262,岡山県
2015-special-90-90,岡山県,高校入試,2015,H27,特別入試,配点表,配点表,H27 特別入試 配点表 配点表,H27_特別入試_配点表_配点表.pdf,2015/特別入試/90_配点表/H27_特別入試_配点表_配点表.pdf,data/岡山県_高校入試問題/2015/特別入試/90_配点表/H27_特別入試_配点表_配点表.pdf,,286394,岡山県
2016-general-01-99,岡山県,高校入試,2016,H28,一般入試,国語,問題,H28 一般入試 国語 問題,H28_一般入試_国語_問題.pdf,2016/一般入試/01_国語/H28_一般入試_国語_問題.pdf,data/岡山県_高校入試問題/2016/一般入試/01_国語/H28_一般入試_国語_問題.pdf,,3530685,岡山県
2016-general-02-99,岡山県,高校入試,2016,H28,一般入試,数学,問題,H28 一般入試 数学 問題,H28_一般入試_数学_問題.pdf,2016/一般入試/02_数学/H28_一般入試_数学_問題.pdf,data/岡山県_高校入試問題/2016/一般入試/02_数学/H28_一般入試_数学_問題.pdf,,1847266,岡山県
2016-general-02-99,岡山県,高校入試,2016,H28,一般入試,数学,解答,H28 一般入試 数学 解答,H28_一般入試_数学_解答.pdf,2016/一般入試/02_数学/H28_一般入試_数学_解答.pdf,data/岡山県_高校入試問題/2016/一般入試/02_数学/H28_一般入試_数学_解答.pdf,,1212559,岡山県
2016-general-03-99,岡山県,高校入試,2016,H28,一般入試,英語,問題,H28 一般入試 英語 問題,H28_一般入試_英語_問題.pdf,2016/一般入試/03_英語/H28_一般入試_英語_問題.pdf,data/岡山県_高校入試問題/2016/一般入試/03_英語/H28_一般入試_英語_問題.pdf,,2444305,岡山県
2016-general-03-99,岡山県,高校入試,2016,H28,一般入試,英語,解答,H28 一般入試 英語 解答,H28_一般入試_英語_解答.pdf,2016/一般入試/03_英語/H28_一般入試_英語_解答.pdf,data/岡山県_高校入試問題/2016/一般入試/03_英語/H28_一般入試_英語_解答.pdf,,3475530,岡山県
2016-general-04-99,岡山県,高校入試,2016,H28,一般入試,理科,問題,H28 一般入試 理科 問題,H28_一般入試_理科_問題.pdf,2016/一般入試/04_理科/H28_一般入試_理科_問題.pdf,data/岡山県_高校入試問題/2016/一般入試/04_理科/H28_一般入試_理科_問題.pdf,,3254622,岡山県
2016-general-04-99,岡山県,高校入試,2016,H28,一般入試,理科,解答,H28 一般入試 理科 解答,H28_一般入試_理科_解答.pdf,2016/一般入試/04_理科/H28_一般入試_理科_解答.pdf,data/岡山県_高校入試問題/2016/一般入試/04_理科/H28_一般入試_理科_解答.pdf,,2839547,岡山県
2016-general-05-99,岡山県,高校入試,2016,H28,一般入試,社会,問題,H28 一般入試 社会 問題,H28_一般入試_社会_問題.pdf,2016/一般入試/05_社会/H28_一般入試_社会_問題.pdf,data/岡山県_高校入試問題/2016/一般入試/05_社会/H28_一般入試_社会_問題.pdf,,3267603,岡山県
2016-general-05-99,岡山県,高校入試,2016,H28,一般入試,社会,解答,H28 一般入試 社会 解答,H28_一般入試_社会_解答.pdf,2016/一般入試/05_社会/H28_一般入試_社会_解答.pdf,data/岡山県_高校入試問題/2016/一般入試/05_社会/H28_一般入試_社会_解答.pdf,,2344839,岡山県
2016-general-90-90,岡山県,高校入試,2016,H28,一般入試,配点表,配点表,H28 一般入試 配点表 配点表,H28_一般入試_配点表_配点表.pdf,2016/一般入試/90_配点表/H28_一般入試_配点表_配点表.pdf,data/岡山県_高校入試問題/2016/一般入試/90_配点表/H28_一般入試_配点表_配点表.pdf,,288197,岡山県
2016-special-01-99,岡山県,高校入試,2016,H28,特別入試,国語,問題,H28 特別入試 国語 問題,H28_特別入試_国語_問題.pdf,2016/特別入試/01_国語/H28_特別入試_国語_問題.pdf,data/岡山県_高校入試問題/2016/特別入試/01_国語/H28_特別入試_国語_問題.pdf,,3213483,岡山県
2016-special-01-99,岡山県,高校入試,2016,H28,特別入試,国語,解答,H28 特別入試 国語 解答,H28_特別入試_国語_解答.pdf,2016/特別入試/01_国語/H28_特別入試_国語_解答.pdf,data/岡山県_高校入試問題/2016/特別入試/01_国語/H28_特別入試_国語_解答.pdf,,1090629,岡山県
2016-special-02-99,岡山県,高校入試,2016,H28,特別入試,数学,問題,H28 特別入試 数学 問題,H28_特別入試_数学_問題.pdf,2016/特別入試/02_数学/H28_特別入試_数学_問題.pdf,data/岡山県_高校入試問題/2016/特別入試/02_数学/H28_特別入試_数学_問題.pdf,,1672053,岡山県
2016-special-02-99,岡山県,高校入試,2016,H28,特別入試,数学,解答,H28 特別入試 数学 解答,H28_特別入試_数学_解答.pdf,2016/特別入試/02_数学/H28_特別入試_数学_解答.pdf,data/岡山県_高校入試問題/2016/特別入試/02_数学/H28_特別入試_数学_解答.pdf,,1241064,岡山県
2016-special-03-99,岡山県,高校入試,2016,H28,特別入試,英語,問題,H28 特別入試 英語 問題,H28_特別入試_英語_問題.pdf,2016/特別入試/03_英語/H28_特別入試_英語_問題.pdf,data/岡山県_高校入試問題/2016/特別入試/03_英語/H28_特別入試_英語_問題.pdf,,2618763,岡山県
2016-special-03-99,岡山県,高校入試,2016,H28,特別入試,英語,解答,H28 特別入試 英語 解答,H28_特別入試_英語_解答.pdf,2016/特別入試/03_英語/H28_特別入試_英語_解答.pdf,data/岡山県_高校入試問題/2016/特別入試/03_英語/H28_特別入試_英語_解答.pdf,,3451629,岡山県
2016-special-90-90,岡山県,高校入試,2016,H28,特別入試,配点表,配点表,H28 特別入試 配点表 配点表,H28_特別入試_配点表_配点表.pdf,2016/特別入試/90_配点表/H28_特別入試_配点表_配点表.pdf,data/岡山県_高校入試問題/2016/特別入試/90_配点表/H28_特別入試_配点表_配点表.pdf,,222585,岡山県
2017-general-01-99,岡山県,高校入試,2017,H29,一般入試,国語,問題,H29 一般入試 国語 問題,H29_一般入試_国語_問題.pdf,2017/一般入試/01_国語/H29_一般入試_国語_問題.pdf,data/岡山県_高校入試問題/2017/一般入試/01_国語/H29_一般入試_国語_問題.pdf,,3560765,岡山県
2017-general-02-99,岡山県,高校入試,2017,H29,一般入試,数学,問題,H29 一般入試 数学 問題,H29_一般入試_数学_問題.pdf,2017/一般入試/02_数学/H29_一般入試_数学_問題.pdf,data/岡山県_高校入試問題/2017/一般入試/02_数学/H29_一般入試_数学_問題.pdf,,1860642,岡山県
2017-general-02-99,岡山県,高校入試,2017,H29,一般入試,数学,解答,H29 一般入試 数学 解答,H29_一般入試_数学_解答.pdf,2017/一般入試/02_数学/H29_一般入試_数学_解答.pdf,data/岡山県_高校入試問題/2017/一般入試/02_数学/H29_一般入試_数学_解答.pdf,,1316588,岡山県
2017-general-03-99,岡山県,高校入試,2017,H29,一般入試,英語,問題,H29 一般入試 英語 問題,H29_一般入試_英語_問題.pdf,2017/一般入試/03_英語/H29_一般入試_英語_問題.pdf,data/岡山県_高校入試問題/2017/一般入試/03_英語/H29_一般入試_英語_問題.pdf,,2442188,岡山県
2017-general-03-99,岡山県,高校入試,2017,H29,一般入試,英語,解答,H29 一般入試 英語 解答,H29_一般入試_英語_解答.pdf,2017/一般入試/03_英語/H29_一般入試_英語_解答.pdf,data/岡山県_高校入試問題/2017/一般入試/03_英語/H29_一般入試_英語_解答.pdf,,3600135,岡山県
2017-general-04-99,岡山県,高校入試,2017,H29,一般入試,理科,問題,H29 一般入試 理科 問題,H29_一般入試_理科_問題.pdf,2017/一般入試/04_理科/H29_一般入試_理科_問題.pdf,data/岡山県_高校入試問題/2017/一般入試/04_理科/H29_一般入試_理科_問題.pdf,,3117791,岡山県
2017-general-04-99,岡山県,高校入試,2017,H29,一般入試,理科,解答,H29 一般入試 理科 解答,H29_一般入試_理科_解答.pdf,2017/一般入試/04_理科/H29_一般入試_理科_解答.pdf,data/岡山県_高校入試問題/2017/一般入試/04_理科/H29_一般入試_理科_解答.pdf,,2867935,岡山県
2017-general-05-99,岡山県,高校入試,2017,H29,一般入試,社会,問題,H29 一般入試 社会 問題,H29_一般入試_社会_問題.pdf,2017/一般入試/05_社会/H29_一般入試_社会_問題.pdf,data/岡山県_高校入試問題/2017/一般入試/05_社会/H29_一般入試_社会_問題.pdf,,3522486,岡山県
2017-general-05-99,岡山県,高校入試,2017,H29,一般入試,社会,解答,H29 一般入試 社会 解答,H29_一般入試_社会_解答.pdf,2017/一般入試/05_社会/H29_一般入試_社会_解答.pdf,data/岡山県_高校入試問題/2017/一般入試/05_社会/H29_一般入試_社会_解答.pdf,,2721374,岡山県
2017-general-90-90,岡山県,高校入試,2017,H29,一般入試,配点表,配点表,H29 一般入試 配点表 配点表,H29_一般入試_配点表_配点表.pdf,2017/一般入試/90_配点表/H29_一般入試_配点表_配点表.pdf,data/岡山県_高校入試問題/2017/一般入試/90_配点表/H29_一般入試_配点表_配点表.pdf,,258984,岡山県
2017-special-01-99,岡山県,高校入試,2017,H29,特別入試,国語,問題,H29 特別入試 国語 問題,H29_特別入試_国語_問題.pdf,2017/特別入試/01_国語/H29_特別入試_国語_問題.pdf,data/岡山県_高校入試問題/2017/特別入試/01_国語/H29_特別入試_国語_問題.pdf,,3377408,岡山県
2017-special-01-99,岡山県,高校入試,2017,H29,特別入試,国語,解答,H29 特別入試 国語 解答,H29_特別入試_国語_解答.pdf,2017/特別入試/01_国語/H29_特別入試_国語_解答.pdf,data/岡山県_高校入試問題/2017/特別入試/01_国語/H29_特別入試_国語_解答.pdf,,1628051,岡山県
2017-special-02-99,岡山県,高校入試,2017,H29,特別入試,数学,問題,H29 特別入試 数学 問題,H29_特別入試_数学_問題.pdf,2017/特別入試/02_数学/H29_特別入試_数学_問題.pdf,data/岡山県_高校入試問題/2017/特別入試/02_数学/H29_特別入試_数学_問題.pdf,,1622445,岡山県
2017-special-02-99,岡山県,高校入試,2017,H29,特別入試,数学,解答,H29 特別入試 数学 解答,H29_特別入試_数学_解答.pdf,2017/特別入試/02_数学/H29_特別入試_数学_解答.pdf,data/岡山県_高校入試問題/2017/特別入試/02_数学/H29_特別入試_数学_解答.pdf,,1217937,岡山県
2017-special-03-99,岡山県,高校入試,2017,H29,特別入試,英語,問題,H29 特別入試 英語 問題,H29_特別入試_英語_問題.pdf,2017/特別入試/03_英語/H29_特別入試_英語_問題.pdf,data/岡山県_高校入試問題/2017/特別入試/03_英語/H29_特別入試_英語_問題.pdf,,2536399,岡山県
2017-special-03-99,岡山県,高校入試,2017,H29,特別入試,英語,解答,H29 特別入試 英語 解答,H29_特別入試_英語_解答.pdf,2017/特別入試/03_英語/H29_特別入試_英語_解答.pdf,data/岡山県_高校入試問題/2017/特別入試/03_英語/H29_特別入試_英語_解答.pdf,,3501988,岡山県
2017-special-90-90,岡山県,高校入試,2017,H29,特別入試,配点表,配点表,H29 特別入試 配点表 配点表,H29_特別入試_配点表_配点表.pdf,2017/特別入試/90_配点表/H29_特別入試_配点表_配点表.pdf,data/岡山県_高校入試問題/2017/特別入試/90_配点表/H29_特別入試_配点表_配点表.pdf,,219351,岡山県
2018-general-01-99,岡山県,高校入試,2018,H30,一般入試,国語,問題,H30 一般入試 国語 問題,H30_一般入試_国語_問題.pdf,2018/一般入試/01_国語/H30_一般入試_国語_問題.pdf,data/岡山県_高校入試問題/2018/一般入試/01_国語/H30_一般入試_国語_問題.pdf,,3548144,岡山県
2018-general-01-99,岡山県,高校入試,2018,H30,一般入試,国語,解答,H30 一般入試 国語 解答,H30_一般入試_国語_解答.pdf,2018/一般入試/01_国語/H30_一般入試_国語_解答.pdf,data/岡山県_高校入試問題/2018/一般入試/01_国語/H30_一般入試_国語_解答.pdf,,1675189,岡山県
2018-general-02-99,岡山県,高校入試,2018,H30,一般入試,数学,問題,H30 一般入試 数学 問題,H30_一般入試_数学_問題.pdf,2018/一般入試/02_数学/H30_一般入試_数学_問題.pdf,data/岡山県_高校入試問題/2018/一般入試/02_数学/H30_一般入試_数学_問題.pdf,,1731085,岡山県
2018-general-02-99,岡山県,高校入試,2018,H30,一般入試,数学,解答,H30 一般入試 数学 解答,H30_一般入試_数学_解答.pdf,2018/一般入試/02_数学/H30_一般入試_数学_解答.pdf,data/岡山県_高校入試問題/2018/一般入試/02_数学/H30_一般入試_数学_解答.pdf,,1240671,岡山県
2018-general-03-99,岡山県,高校入試,2018,H30,一般入試,英語,問題,H30 一般入試 英語 問題,H30_一般入試_英語_問題.pdf,2018/一般入試/03_英語/H30_一般入試_英語_問題.pdf,data/岡山県_高校入試問題/2018/一般入試/03_英語/H30_一般入試_英語_問題.pdf,,2299595,岡山県
2018-general-03-99,岡山県,高校入試,2018,H30,一般入試,英語,解答,H30 一般入試 英語 解答,H30_一般入試_英語_解答.pdf,2018/一般入試/03_英語/H30_一般入試_英語_解答.pdf,data/岡山県_高校入試問題/2018/一般入試/03_英語/H30_一般入試_英語_解答.pdf,,3630582,岡山県
2018-general-04-99,岡山県,高校入試,2018,H30,一般入試,理科,問題,H30 一般入試 理科 問題,H30_一般入試_理科_問題.pdf,2018/一般入試/04_理科/H30_一般入試_理科_問題.pdf,data/岡山県_高校入試問題/2018/一般入試/04_理科/H30_一般入試_理科_問題.pdf,,3344428,岡山県
2018-general-04-99,岡山県,高校入試,2018,H30,一般入試,理科,解答,H30 一般入試 理科 解答,H30_一般入試_理科_解答.pdf,2018/一般入試/04_理科/H30_一般入試_理科_解答.pdf,data/岡山県_高校入試問題/2018/一般入試/04_理科/H30_一般入試_理科_解答.pdf,,1933581,岡山県
2018-general-05-99,岡山県,高校入試,2018,H30,一般入試,社会,問題,H30 一般入試 社会 問題,H30_一般入試_社会_問題.pdf,2018/一般入試/05_社会/H30_一般入試_社会_問題.pdf,data/岡山県_高校入試問題/2018/一般入試/05_社会/H30_一般入試_社会_問題.pdf,,3401900,岡山県
2018-general-05-99,岡山県,高校入試,2018,H30,一般入試,社会,解答,H30 一般入試 社会 解答,H30_一般入試_社会_解答.pdf,2018/一般入試/05_社会/H30_一般入試_社会_解答.pdf,data/岡山県_高校入試問題/2018/一般入試/05_社会/H30_一般入試_社会_解答.pdf,,3722248,岡山県
2018-general-90-90,岡山県,高校入試,2018,H30,一般入試,配点表,配点表,H30 一般入試 配点表 配点表,H30_一般入試_配点表_配点表.pdf,2018/一般入試/90_配点表/H30_一般入試_配点表_配点表.pdf,data/岡山県_高校入試問題/2018/一般入試/90_配点表/H30_一般入試_配点表_配点表.pdf,,298002,岡山県
2018-special-01-99,岡山県,高校入試,2018,H30,特別入試,国語,問題,H30 特別入試 国語 問題,H30_特別入試_国語_問題.pdf,2018/特別入試/01_国語/H30_特別入試_国語_問題.pdf,data/岡山県_高校入試問題/2018/特別入試/01_国語/H30_特別入試_国語_問題.pdf,,3314637,岡山県
2018-special-01-99,岡山県,高校入試,2018,H30,特別入試,国語,解答,H30 特別入試 国語 解答,H30_特別入試_国語_解答.pdf,2018/特別入試/01_国語/H30_特別入試_国語_解答.pdf,data/岡山県_高校入試問題/2018/特別入試/01_国語/H30_特別入試_国語_解答.pdf,,2144492,岡山県
2018-special-02-99,岡山県,高校入試,2018,H30,特別入試,数学,問題,H30 特別入試 数学 問題,H30_特別入試_数学_問題.pdf,2018/特別入試/02_数学/H30_特別入試_数学_問題.pdf,data/岡山県_高校入試問題/2018/特別入試/02_数学/H30_特別入試_数学_問題.pdf,,1646907,岡山県
2018-special-02-99,岡山県,高校入試,2018,H30,特別入試,数学,解答,H30 特別入試 数学 解答,H30_特別入試_数学_解答.pdf,2018/特別入試/02_数学/H30_特別入試_数学_解答.pdf,data/岡山県_高校入試問題/2018/特別入試/02_数学/H30_特別入試_数学_解答.pdf,,2198407,岡山県
2018-special-03-99,岡山県,高校入試,2018,H30,特別入試,英語,問題,H30 特別入試 英語 問題,H30_特別入試_英語_問題.pdf,2018/特別入試/03_英語/H30_特別入試_英語_問題.pdf,data/岡山県_高校入試問題/2018/特別入試/03_英語/H30_特別入試_英語_問題.pdf,,2804079,岡山県
2018-special-03-99,岡山県,高校入試,2018,H30,特別入試,英語,解答,H30 特別入試 英語 解答,H30_特別入試_英語_解答.pdf,2018/特別入試/03_英語/H30_特別入試_英語_解答.pdf,data/岡山県_高校入試問題/2018/特別入試/03_英語/H30_特別入試_英語_解答.pdf,,2438646,岡山県
2018-special-90-90,岡山県,高校入試,2018,H30,特別入試,配点表,配点表,H30 特別入試 配点表 配点表,H30_特別入試_配点表_配点表.pdf,2018/特別入試/90_配点表/H30_特別入試_配点表_配点表.pdf,data/岡山県_高校入試問題/2018/特別入試/90_配点表/H30_特別入試_配点表_配点表.pdf,,230868,岡山県
2022-general-01-99,広島県,中学入試,2022,R4,一般入試,国語,問題・解答用紙,R4 一般入試 国語 問題・解答用紙,R4_一般入試_国語_問題・解答用紙.pdf,2022/一般入試/01_国語/R4_一般入試_国語_問題・解答用紙.pdf,data/広島県_修道中学校_中学入試問題/2022/一般入試/01_国語/R4_一般入試_国語_問題・解答用紙.pdf,,274034,修道中学校
2022-general-02-99,広島県,中学入試,2022,R4,一般入試,算数,問題・解答用紙,R4 一般入試 算数 問題・解答用紙,R4_一般入試_算数_問題・解答用紙.pdf,2022/一般入試/02_算数/R4_一般入試_算数_問題・解答用紙.pdf,data/広島県_修道中学校_中学入試問題/2022/一般入試/02_算数/R4_一般入試_算数_問題・解答用紙.pdf,,197257,修道中学校
2022-general-04-99,広島県,中学入試,2022,R4,一般入試,理科,問題・解答用紙,R4 一般入試 理科 問題・解答用紙,R4_一般入試_理科_問題・解答用紙.pdf,2022/一般入試/04_理科/R4_一般入試_理科_問題・解答用紙.pdf,data/広島県_修道中学校_中学入試問題/2022/一般入試/04_理科/R4_一般入試_理科_問題・解答用紙.pdf,,357939,修道中学校
2022-general-05-99,広島県,中学入試,2022,R4,一般入試,社会,問題・解答用紙,R4 一般入試 社会 問題・解答用紙,R4_一般入試_社会_問題・解答用紙.pdf,2022/一般入試/05_社会/R4_一般入試_社会_問題・解答用紙.pdf,data/広島県_修道中学校_中学入試問題/2022/一般入試/05_社会/R4_一般入試_社会_問題・解答用紙.pdf,,1141998,修道中学校
2022-general-99-99,広島県,中学入試,2022,R4,一般入試,その他,解答・解説,R4 一般入試 その他 解答・解説,R4_一般入試_全教科_解答・解説集.pdf,2022/一般入試/99_その他/R4_一般入試_全教科_解答・解説集.pdf,data/広島県_修道中学校_中学入試問題/2022/一般入試/99_その他/R4_一般入試_全教科_解答・解説集.pdf,,1293961,修道中学校
2023-general-01-99,広島県,中学入試,2023,R5,一般入試,国語,問題・解答用紙,R5 一般入試 国語 問題・解答用紙,R5_一般入試_国語_問題・解答用紙.pdf,2023/一般入試/01_国語/R5_一般入試_国語_問題・解答用紙.pdf,data/広島県_修道中学校_中学入試問題/2023/一般入試/01_国語/R5_一般入試_国語_問題・解答用紙.pdf,,422737,修道中学校
2023-general-02-99,広島県,中学入試,2023,R5,一般入試,算数,問題・解答用紙,R5 一般入試 算数 問題・解答用紙,R5_一般入試_算数_問題・解答用紙.pdf,2023/一般入試/02_算数/R5_一般入試_算数_問題・解答用紙.pdf,data/広島県_修道中学校_中学入試問題/2023/一般入試/02_算数/R5_一般入試_算数_問題・解答用紙.pdf,,156370,修道中学校
2023-general-04-99,広島県,中学入試,2023,R5,一般入試,理科,問題・解答用紙,R5 一般入試 理科 問題・解答用紙,R5_一般入試_理科_問題・解答用紙.pdf,2023/一般入試/04_理科/R5_一般入試_理科_問題・解答用紙.pdf,data/広島県_修道中学校_中学入試問題/2023/一般入試/04_理科/R5_一般入試_理科_問題・解答用紙.pdf,,383873,修道中学校
2023-general-05-99,広島県,中学入試,2023,R5,一般入試,社会,問題・解答用紙,R5 一般入試 社会 問題・解答用紙,R5_一般入試_社会_問題・解答用紙.pdf,2023/一般入試/05_社会/R5_一般入試_社会_問題・解答用紙.pdf,data/広島県_修道中学校_中学入試問題/2023/一般入試/05_社会/R5_一般入試_社会_問題・解答用紙.pdf,,548504,修道中学校
2023-general-99-99,広島県,中学入試,2023,R5,一般入試,その他,解答・解説,R5 一般入試 その他 解答・解説,R5_一般入試_全教科_解答・解説集.pdf,2023/一般入試/99_その他/R5_一般入試_全教科_解答・解説集.pdf,data/広島県_修道中学校_中学入試問題/2023/一般入試/99_その他/R5_一般入試_全教科_解答・解説集.pdf,,823783,修道中学校
2024-general-01-99,広島県,中学入試,2024,R6,一般入試,国語,問題・解答用紙,R6 一般入試 国語 問題・解答用紙,R6_一般入試_国語_問題・解答用紙.pdf,2024/一般入試/01_国語/R6_一般入試_国語_問題・解答用紙.pdf,data/広島県_修道中学校_中学入試問題/2024/一般入試/01_国語/R6_一般入試_国語_問題・解答用紙.pdf,,261796,修道中学校
2024-general-02-99,広島県,中学入試,2024,R6,一般入試,算数,問題・解答用紙,R6 一般入試 算数 問題・解答用紙,R6_一般入試_算数_問題・解答用紙.pdf,2024/一般入試/02_算数/R6_一般入試_算数_問題・解答用紙.pdf,data/広島県_修道中学校_中学入試問題/2024/一般入試/02_算数/R6_一般入試_算数_問題・解答用紙.pdf,,233860,修道中学校
2024-general-04-99,広島県,中学入試,2024,R6,一般入試,理科,問題・解答用紙,R6 一般入試 理科 問題・解答用紙,R6_一般入試_理科_問題・解答用紙.pdf,2024/一般入試/04_理科/R6_一般入試_理科_問題・解答用紙.pdf,data/広島県_修道中学校_中学入試問題/2024/一般入試/04_理科/R6_一般入試_理科_問題・解答用紙.pdf,,195261,修道中学校
2024-general-05-99,広島県,中学入試,2024,R6,一般入試,社会,問題・解答用紙,R6 一般入試 社会 問題・解答用紙,R6_一般入試_社会_問題・解答用紙.pdf,2024/一般入試/05_社会/R6_一般入試_社会_問題・解答用紙.pdf,data/広島県_修道中学校_中学入試問題/2024/一般入試/05_社会/R6_一般入試_社会_問題・解答用紙.pdf,,411469,修道中学校
2024-general-99-99,広島県,中学入試,2024,R6,一般入試,その他,解答・解説,R6 一般入試 その他 解答・解説,R6_一般入試_全教科_解答・解説集.pdf,2024/一般入試/99_その他/R6_一般入試_全教科_解答・解説集.pdf,data/広島県_修道中学校_中学入試問題/2024/一般入試/99_その他/R6_一般入試_全教科_解答・解説集.pdf,,843467,修道中学校
2025-general-01-99,広島県,中学入試,2025,R7,一般入試,国語,問題・解答用紙,R7 一般入試 国語 問題・解答用紙,R7_一般入試_国語_問題・解答用紙.pdf,2025/一般入試/01_国語/R7_一般入試_国語_問題・解答用紙.pdf,data/広島県_修道中学校_中学入試問題/2025/一般入試/01_国語/R7_一般入試_国語_問題・解答用紙.pdf,,497778,修道中学校
2025-general-02-99,広島県,中学入試,2025,R7,一般入試,算数,問題・解答用紙,R7 一般入試 算数 問題・解答用紙,R7_一般入試_算数_問題・解答用紙.pdf,2025/一般入試/02_算数/R7_一般入試_算数_問題・解答用紙.pdf,data/広島県_修道中学校_中学入試問題/2025/一般入試/02_算数/R7_一般入試_算数_問題・解答用紙.pdf,,127626,修道中学校
2025-general-04-99,広島県,中学入試,2025,R7,一般入試,理科,問題・解答用紙,R7 一般入試 理科 問題・解答用紙,R7_一般入試_理科_問題・解答用紙.pdf,2025/一般入試/04_理科/R7_一般入試_理科_問題・解答用紙.pdf,data/広島県_修道中学校_中学入試問題/2025/一般入試/04_理科/R7_一般入試_理科_問題・解答用紙.pdf,,411755,修道中学校
2025-general-05-99,広島県,中学入試,2025,R7,一般入試,社会,問題・解答用紙,R7 一般入試 社会 問題・解答用紙,R7_一般入試_社会_問題・解答用紙.pdf,2025/一般入試/05_社会/R7_一般入試_社会_問題・解答用紙.pdf,data/広島県_修道中学校_中学入試問題/2025/一般入試/05_社会/R7_一般入試_社会_問題・解答用紙.pdf,,606174,修道中学校
2025-general-99-99,広島県,中学入試,2025,R7,一般入試,その他,解答・解説,R7 一般入試 その他 解答・解説,R7_一般入試_全教科_解答・解説集.pdf,2025/一般入試/99_その他/R7_一般入試_全教科_解答・解説集.pdf,data/広島県_修道中学校_中学入試問題/2025/一般入試/99_その他/R7_一般入試_全教科_解答・解説集.pdf,,872098,修道中学校
2023-general-a-01-99,広島県,中学入試,2023,R5,A日程,国語,問題,R5 A日程 国語 問題,R5_A日程_国語_問題.pdf,2023/A日程/01_国語/R5_A日程_国語_問題.pdf,data/広島県_安田女子中学校_中学入試問題/2023/A日程/01_国語/R5_A日程_国語_問題.pdf,,523208,安田女子中学校
2023-general-a-01-99,広島県,中学入試,2023,R5,A日程,国語,解答,R5 A日程 国語 解答,R5_A日程_国語_解答.pdf,2023/A日程/01_国語/R5_A日程_国語_解答.pdf,data/広島県_安田女子中学校_中学入試問題/2023/A日程/01_国語/R5_A日程_国語_解答.pdf,,1186868,安田女子中学校
2023-general-a-02-99,広島県,中学入試,2023,R5,A日程,算数,問題,R5 A日程 算数 問題,R5_A日程_算数_問題.pdf,2023/A日程/02_算数/R5_A日程_算数_問題.pdf,data/広島県_安田女子中学校_中学入試問題/2023/A日程/02_算数/R5_A日程_算数_問題.pdf,,160973,安田女子中学校
2023-general-a-02-99,広島県,中学入試,2023,R5,A日程,算数,解答,R5 A日程 算数 解答,R5_A日程_算数_解答.pdf,2023/A日程/02_算数/R5_A日程_算数_解答.pdf,data/広島県_安田女子中学校_中学入試問題/2023/A日程/02_算数/R5_A日程_算数_解答.pdf,,539899,安田女子中学校
2023-general-a-06-99,広島県,中学入試,2023,R5,A日程,適性検査I,問題,R5 A日程 適性検査I 問題,R5_A日程_適性検査I_問題.pdf,2023/A日程/07_適性検査I/R5_A日程_適性検査I_問題.pdf,data/広島県_安田女子中学校_中学入試問題/2023/A日程/07_適性検査I/R5_A日程_適性検査I_問題.pdf,,292107,安田女子中学校
2023-general-a-06-99,広島県,中学入試,2023,R5,A日程,適性検査I,解答,R5 A日程 適性検査I 解答,R5_A日程_適性検査I_解答.pdf,2023/A日程/07_適性検査I/R5_A日程_適性検査I_解答.pdf,data/広島県_安田女子中学校_中学入試問題/2023/A日程/07_適性検査I/R5_A日程_適性検査I_解答.pdf,,523568,安田女子中学校
2023-general-a-07-99,広島県,中学入試,2023,R5,A日程,適性検査II,問題,R5 A日程 適性検査II 問題,R5_A日程_適性検査II_問題.pdf,2023/A日程/08_適性検査II/R5_A日程_適性検査II_問題.pdf,data/広島県_安田女子中学校_中学入試問題/2023/A日程/08_適性検査II/R5_A日程_適性検査II_問題.pdf,,209278,安田女子中学校
2023-general-a-07-99,広島県,中学入試,2023,R5,A日程,適性検査II,解答,R5 A日程 適性検査II 解答,R5_A日程_適性検査II_解答.pdf,2023/A日程/08_適性検査II/R5_A日程_適性検査II_解答.pdf,data/広島県_安田女子中学校_中学入試問題/2023/A日程/08_適性検査II/R5_A日程_適性検査II_解答.pdf,,196508,安田女子中学校
2023-general-a-99-99,広島県,中学入試,2023,R5,A日程,その他,解答,R5 A日程 その他 解答,R5_A日程_その他_解答集.pdf,2023/A日程/99_その他/R5_A日程_その他_解答集.pdf,data/広島県_安田女子中学校_中学入試問題/2023/A日程/99_その他/R5_A日程_その他_解答集.pdf,,2425556,安田女子中学校
2018-general-01-99,広島県,高校入試,2018,H30,一般入試,国語,問題,H30 一般入試 国語 問題,H30_一般入試_国語_問題.pdf,2018/一般入試/01_国語/H30_一般入試_国語_問題.pdf,data/広島県_山陽高校_高校入試問題/2018/一般入試/01_国語/H30_一般入試_国語_問題.pdf,,171970,山陽高校
2018-general-01-99,広島県,高校入試,2018,H30,一般入試,国語,解答,H30 一般入試 国語 解答,H30_一般入試_国語_解答.pdf,2018/一般入試/01_国語/H30_一般入試_国語_解答.pdf,data/広島県_山陽高校_高校入試問題/2018/一般入試/01_国語/H30_一般入試_国語_解答.pdf,,63455,山陽高校
2018-general-01-99,広島県,高校入試,2018,H30,一般入試,国語,解答用紙,H30 一般入試 国語 解答用紙,H30_一般入試_国語_解答用紙.pdf,2018/一般入試/01_国語/H30_一般入試_国語_解答用紙.pdf,data/広島県_山陽高校_高校入試問題/2018/一般入試/01_国語/H30_一般入試_国語_解答用紙.pdf,,21606,山陽高校
2018-general-02-99,広島県,高校入試,2018,H30,一般入試,数学,問題,H30 一般入試 数学 問題,H30_一般入試_数学_問題.pdf,2018/一般入試/02_数学/H30_一般入試_数学_問題.pdf,data/広島県_山陽高校_高校入試問題/2018/一般入試/02_数学/H30_一般入試_数学_問題.pdf,,93122,山陽高校
2018-general-02-99,広島県,高校入試,2018,H30,一般入試,数学,解答,H30 一般入試 数学 解答,H30_一般入試_数学_解答.pdf,2018/一般入試/02_数学/H30_一般入試_数学_解答.pdf,data/広島県_山陽高校_高校入試問題/2018/一般入試/02_数学/H30_一般入試_数学_解答.pdf,,63455,山陽高校
2018-general-02-99,広島県,高校入試,2018,H30,一般入試,数学,解説,H30 一般入試 数学 解説,H30_一般入試_数学_解説.pdf,2018/一般入試/02_数学/H30_一般入試_数学_解説.pdf,data/広島県_山陽高校_高校入試問題/2018/一般入試/02_数学/H30_一般入試_数学_解説.pdf,,63447,山陽高校
2018-general-03-99,広島県,高校入試,2018,H30,一般入試,英語,問題,H30 一般入試 英語 問題,H30_一般入試_英語_問題.pdf,2018/一般入試/03_英語/H30_一般入試_英語_問題.pdf,data/広島県_山陽高校_高校入試問題/2018/一般入試/03_英語/H30_一般入試_英語_問題.pdf,,159712,山陽高校
2018-general-03-99,広島県,高校入試,2018,H30,一般入試,英語,解答,H30 一般入試 英語 解答,H30_一般入試_英語_解答.pdf,2018/一般入試/03_英語/H30_一般入試_英語_解答.pdf,data/広島県_山陽高校_高校入試問題/2018/一般入試/03_英語/H30_一般入試_英語_解答.pdf,,63455,山陽高校
2019-general-01-99,広島県,高校入試,2019,R1,一般入試,国語,問題,R1 一般入試 国語 問題,H31_一般入試_国語_問題.pdf,2019/一般入試/01_国語/H31_一般入試_国語_問題.pdf,data/広島県_山陽高校_高校入試問題/2019/一般入試/01_国語/H31_一般入試_国語_問題.pdf,,202363,山陽高校
2019-general-01-99,広島県,高校入試,2019,R1,一般入試,国語,解答,R1 一般入試 国語 解答,H31_一般入試_国語_解答.pdf,2019/一般入試/01_国語/H31_一般入試_国語_解答.pdf,data/広島県_山陽高校_高校入試問題/2019/一般入試/01_国語/H31_一般入試_国語_解答.pdf,,64612,山陽高校
2019-general-01-99,広島県,高校入試,2019,R1,一般入試,国語,解答用紙,R1 一般入試 国語 解答用紙,H31_一般入試_国語_解答用紙.pdf,2019/一般入試/01_国語/H31_一般入試_国語_解答用紙.pdf,data/広島県_山陽高校_高校入試問題/2019/一般入試/01_国語/H31_一般入試_国語_解答用紙.pdf,,20241,山陽高校
2019-general-02-99,広島県,高校入試,2019,R1,一般入試,数学,問題,R1 一般入試 数学 問題,H31_一般入試_数学_問題.pdf,2019/一般入試/02_数学/H31_一般入試_数学_問題.pdf,data/広島県_山陽高校_高校入試問題/2019/一般入試/02_数学/H31_一般入試_数学_問題.pdf,,98158,山陽高校
2019-general-02-99,広島県,高校入試,2019,R1,一般入試,数学,解答,R1 一般入試 数学 解答,H31_一般入試_数学_解答.pdf,2019/一般入試/02_数学/H31_一般入試_数学_解答.pdf,data/広島県_山陽高校_高校入試問題/2019/一般入試/02_数学/H31_一般入試_数学_解答.pdf,,64612,山陽高校
2019-general-02-99,広島県,高校入試,2019,R1,一般入試,数学,解説,R1 一般入試 数学 解説,H31_一般入試_数学_解説.pdf,2019/一般入試/02_数学/H31_一般入試_数学_解説.pdf,data/広島県_山陽高校_高校入試問題/2019/一般入試/02_数学/H31_一般入試_数学_解説.pdf,,123778,山陽高校
2019-general-03-99,広島県,高校入試,2019,R1,一般入試,英語,問題,R1 一般入試 英語 問題,H31_一般入試_英語_問題.pdf,2019/一般入試/03_英語/H31_一般入試_英語_問題.pdf,data/広島県_山陽高校_高校入試問題/2019/一般入試/03_英語/H31_一般入試_英語_問題.pdf,,170169,山陽高校
2019-general-03-99,広島県,高校入試,2019,R1,一般入試,英語,解答,R1 一般入試 英語 解答,H31_一般入試_英語_解答.pdf,2019/一般入試/03_英語/H31_一般入試_英語_解答.pdf,data/広島県_山陽高校_高校入試問題/2019/一般入試/03_英語/H31_一般入試_英語_解答.pdf,,64612,山陽高校
2020-general-01-99,広島県,高校入試,2020,R2,一般入試,国語,問題,R2 一般入試 国語 問題,R2_一般入試_国語_問題.pdf,2020/一般入試/01_国語/R2_一般入試_国語_問題.pdf,data/広島県_山陽高校_高校入試問題/2020/一般入試/01_国語/R2_一般入試_国語_問題.pdf,,222457,山陽高校
2020-general-01-99,広島県,高校入試,2020,R2,一般入試,国語,解答,R2 一般入試 国語 解答,R2_一般入試_国語_解答.pdf,2020/一般入試/01_国語/R2_一般入試_国語_解答.pdf,data/広島県_山陽高校_高校入試問題/2020/一般入試/01_国語/R2_一般入試_国語_解答.pdf,,64701,山陽高校
2020-general-02-99,広島県,高校入試,2020,R2,一般入試,数学,問題,R2 一般入試 数学 問題,R2_一般入試_数学_問題.pdf,2020/一般入試/02_数学/R2_一般入試_数学_問題.pdf,data/広島県_山陽高校_高校入試問題/2020/一般入試/02_数学/R2_一般入試_数学_問題.pdf,,151214,山陽高校
2020-general-02-99,広島県,高校入試,2020,R2,一般入試,数学,解答,R2 一般入試 数学 解答,R2_一般入試_数学_解答.pdf,2020/一般入試/02_数学/R2_一般入試_数学_解答.pdf,data/広島県_山陽高校_高校入試問題/2020/一般入試/02_数学/R2_一般入試_数学_解答.pdf,,64701,山陽高校
2020-general-02-99,広島県,高校入試,2020,R2,一般入試,数学,解説,R2 一般入試 数学 解説,R2_一般入試_数学_解説.pdf,2020/一般入試/02_数学/R2_一般入試_数学_解説.pdf,data/広島県_山陽高校_高校入試問題/2020/一般入試/02_数学/R2_一般入試_数学_解説.pdf,,64693,山陽高校
2020-general-03-99,広島県,高校入試,2020,R2,一般入試,英語,問題,R2 一般入試 英語 問題,R2_一般入試_英語_問題.pdf,2020/一般入試/03_英語/R2_一般入試_英語_問題.pdf,data/広島県_山陽高校_高校入試問題/2020/一般入試/03_英語/R2_一般入試_英語_問題.pdf,,144998,山陽高校
2020-general-03-99,広島県,高校入試,2020,R2,一般入試,英語,解答,R2 一般入試 英語 解答,R2_一般入試_英語_解答.pdf,2020/一般入試/03_英語/R2_一般入試_英語_解答.pdf,data/広島県_山陽高校_高校入試問題/2020/一般入試/03_英語/R2_一般入試_英語_解答.pdf,,64701,山陽高校
2020-general-01-99,広島県,中学入試,2020,R2,入学者選抜試験,国語,問題,R2 入学者選抜試験 国語 問題,R2_入学者選抜試験_国語_問題.pdf,2020/入学者選抜試験/01_国語/R2_入学者選抜試験_国語_問題.pdf,data/広島県_広島城北中学校_中学入試問題/2020/入学者選抜試験/01_国語/R2_入学者選抜試験_国語_問題.pdf,,4012556,広島城北中学校
2020-general-02-99,広島県,中学入試,2020,R2,入学者選抜試験,算数,問題,R2 入学者選抜試験 算数 問題,R2_入学者選抜試験_算数_問題.pdf,2020/入学者選抜試験/02_算数/R2_入学者選抜試験_算数_問題.pdf,data/広島県_広島城北中学校_中学入試問題/2020/入学者選抜試験/02_算数/R2_入学者選抜試験_算数_問題.pdf,,1985770,広島城北中学校
2020-general-04-99,広島県,中学入試,2020,R2,入学者選抜試験,理科,問題,R2 入学者選抜試験 理科 問題,R2_入学者選抜試験_理科_問題.pdf,2020/入学者選抜試験/04_理科/R2_入学者選抜試験_理科_問題.pdf,data/広島県_広島城北中学校_中学入試問題/2020/入学者選抜試験/04_理科/R2_入学者選抜試験_理科_問題.pdf,,3936930,広島城北中学校
2020-general-05-99,広島県,中学入試,2020,R2,入学者選抜試験,社会,問題,R2 入学者選抜試験 社会 問題,R2_入学者選抜試験_社会_問題.pdf,2020/入学者選抜試験/05_社会/R2_入学者選抜試験_社会_問題.pdf,data/広島県_広島城北中学校_中学入試問題/2020/入学者選抜試験/05_社会/R2_入学者選抜試験_社会_問題.pdf,,5420809,広島城北中学校
2021-general-01-99,広島県,中学入試,2021,R3,入学者選抜試験,国語,問題,R3 入学者選抜試験 国語 問題,R3_入学者選抜試験_国語_問題.pdf,2021/入学者選抜試験/01_国語/R3_入学者選抜試験_国語_問題.pdf,data/広島県_広島城北中学校_中学入試問題/2021/入学者選抜試験/01_国語/R3_入学者選抜試験_国語_問題.pdf,,5369706,広島城北中学校
2021-general-02-99,広島県,中学入試,2021,R3,入学者選抜試験,算数,問題,R3 入学者選抜試験 算数 問題,R3_入学者選抜試験_算数_問題.pdf,2021/入学者選抜試験/02_算数/R3_入学者選抜試験_算数_問題.pdf,data/広島県_広島城北中学校_中学入試問題/2021/入学者選抜試験/02_算数/R3_入学者選抜試験_算数_問題.pdf,,2307190,広島城北中学校
2021-general-04-99,広島県,中学入試,2021,R3,入学者選抜試験,理科,問題,R3 入学者選抜試験 理科 問題,R3_入学者選抜試験_理科_問題.pdf,2021/入学者選抜試験/04_理科/R3_入学者選抜試験_理科_問題.pdf,data/広島県_広島城北中学校_中学入試問題/2021/入学者選抜試験/04_理科/R3_入学者選抜試験_理科_問題.pdf,,3689371,広島城北中学校
2021-general-05-99,広島県,中学入試,2021,R3,入学者選抜試験,社会,問題,R3 入学者選抜試験 社会 問題,R3_入学者選抜試験_社会_問題.pdf,2021/入学者選抜試験/05_社会/R3_入学者選抜試験_社会_問題.pdf,data/広島県_広島城北中学校_中学入試問題/2021/入学者選抜試験/05_社会/R3_入学者選抜試験_社会_問題.pdf,,6112899,広島城北中学校
2022-general-01-99,広島県,中学入試,2022,R4,入学者選抜試験,国語,問題,R4 入学者選抜試験 国語 問題,R4_入学者選抜試験_国語_問題.pdf,2022/入学者選抜試験/01_国語/R4_入学者選抜試験_国語_問題.pdf,data/広島県_広島城北中学校_中学入試問題/2022/入学者選抜試験/01_国語/R4_入学者選抜試験_国語_問題.pdf,,5592583,広島城北中学校
2022-general-02-99,広島県,中学入試,2022,R4,入学者選抜試験,算数,問題,R4 入学者選抜試験 算数 問題,R4_入学者選抜試験_算数_問題.pdf,2022/入学者選抜試験/02_算数/R4_入学者選抜試験_算数_問題.pdf,data/広島県_広島城北中学校_中学入試問題/2022/入学者選抜試験/02_算数/R4_入学者選抜試験_算数_問題.pdf,,2029970,広島城北中学校
2022-general-04-99,広島県,中学入試,2022,R4,入学者選抜試験,理科,問題,R4 入学者選抜試験 理科 問題,R4_入学者選抜試験_理科_問題.pdf,2022/入学者選抜試験/04_理科/R4_入学者選抜試験_理科_問題.pdf,data/広島県_広島城北中学校_中学入試問題/2022/入学者選抜試験/04_理科/R4_入学者選抜試験_理科_問題.pdf,,3886504,広島城北中学校
2022-general-05-99,広島県,中学入試,2022,R4,入学者選抜試験,社会,問題,R4 入学者選抜試験 社会 問題,R4_入学者選抜試験_社会_問題.pdf,2022/入学者選抜試験/05_社会/R4_入学者選抜試験_社会_問題.pdf,data/広島県_広島城北中学校_中学入試問題/2022/入学者選抜試験/05_社会/R4_入学者選抜試験_社会_問題.pdf,,5032667,広島城北中学校
2023-general-02-99,広島県,中学入試,2023,R5,入学者選抜試験,算数,問題,R5 入学者選抜試験 算数 問題,R5_入学者選抜試験_算数_問題.pdf,2023/入学者選抜試験/02_算数/R5_入学者選抜試験_算数_問題.pdf,data/広島県_広島城北中学校_中学入試問題/2023/入学者選抜試験/02_算数/R5_入学者選抜試験_算数_問題.pdf,,1668264,広島城北中学校
2023-general-05-99,広島県,中学入試,2023,R5,入学者選抜試験,社会,問題,R5 入学者選抜試験 社会 問題,R5_入学者選抜試験_社会_問題.pdf,2023/入学者選抜試験/05_社会/R5_入学者選抜試験_社会_問題.pdf,data/広島県_広島城北中学校_中学入試問題/2023/入学者選抜試験/05_社会/R5_入学者選抜試験_社会_問題.pdf,,5589516,広島城北中学校
2025-general-01-99,広島県,中学入試,2025,R7,一般入試,国語,問題・解答用紙,R7 一般入試 国語 問題・解答用紙,R7_一般入試_国語_問題・解答用紙.pdf,2025/一般入試/01_国語/R7_一般入試_国語_問題・解答用紙.pdf,data/広島県_広島城北中学校_中学入試問題/2025/一般入試/01_国語/R7_一般入試_国語_問題・解答用紙.pdf,,919190,広島城北中学校
2025-general-02-99,広島県,中学入試,2025,R7,一般入試,算数,問題・解答用紙,R7 一般入試 算数 問題・解答用紙,R7_一般入試_算数_問題・解答用紙.pdf,2025/一般入試/02_算数/R7_一般入試_算数_問題・解答用紙.pdf,data/広島県_広島城北中学校_中学入試問題/2025/一般入試/02_算数/R7_一般入試_算数_問題・解答用紙.pdf,,105720,広島城北中学校
2025-general-04-99,広島県,中学入試,2025,R7,一般入試,理科,問題・解答用紙,R7 一般入試 理科 問題・解答用紙,R7_一般入試_理科_問題・解答用紙.pdf,2025/一般入試/04_理科/R7_一般入試_理科_問題・解答用紙.pdf,data/広島県_広島城北中学校_中学入試問題/2025/一般入試/04_理科/R7_一般入試_理科_問題・解答用紙.pdf,,910536,広島城北中学校
2025-general-05-99,広島県,中学入試,2025,R7,一般入試,社会,問題・解答用紙,R7 一般入試 社会 問題・解答用紙,R7_一般入試_社会_問題・解答用紙.pdf,2025/一般入試/05_社会/R7_一般入試_社会_問題・解答用紙.pdf,data/広島県_広島城北中学校_中学入試問題/2025/一般入試/05_社会/R7_一般入試_社会_問題・解答用紙.pdf,,849342,広島城北中学校
2024-general-02-99,広島県,高校入試,2024,R6,一般入試,数学,問題・解答用紙,R6 一般入試 数学 問題・解答用紙,R6_一般入試_数学_問題・解答用紙.pdf,2024/一般入試/02_数学/R6_一般入試_数学_問題・解答用紙.pdf,data/広島県_広島城北高等学校_高校入試問題/2024/一般入試/02_数学/R6_一般入試_数学_問題・解答用紙.pdf,,79983,広島城北高等学校
2024-general-02-99,広島県,高校入試,2024,R6,一般入試,数学,解答用紙,R6 一般入試 数学 解答用紙,R6_一般入試_数学_解答・解答用紙.pdf,2024/一般入試/02_数学/R6_一般入試_数学_解答・解答用紙.pdf,data/広島県_広島城北高等学校_高校入試問題/2024/一般入試/02_数学/R6_一般入試_数学_解答・解答用紙.pdf,,38432,広島城北高等学校
2024-general-03-99,広島県,高校入試,2024,R6,一般入試,英語,その他,R6 一般入試 英語 その他,R6_一般入試_英語_リスニング原稿.pdf,2024/一般入試/03_英語/R6_一般入試_英語_リスニング原稿.pdf,data/広島県_広島城北高等学校_高校入試問題/2024/一般入試/03_英語/R6_一般入試_英語_リスニング原稿.pdf,,62226,広島城北高等学校
2024-general-03-99,広島県,高校入試,2024,R6,一般入試,英語,問題・解答用紙,R6 一般入試 英語 問題・解答用紙,R6_一般入試_英語_問題・解答用紙.pdf,2024/一般入試/03_英語/R6_一般入試_英語_問題・解答用紙.pdf,data/広島県_広島城北高等学校_高校入試問題/2024/一般入試/03_英語/R6_一般入試_英語_問題・解答用紙.pdf,,143904,広島城北高等学校
2024-general-03-99,広島県,高校入試,2024,R6,一般入試,英語,解答,R6 一般入試 英語 解答,R6_一般入試_英語_解答.pdf,2024/一般入試/03_英語/R6_一般入試_英語_解答.pdf,data/広島県_広島城北高等学校_高校入試問題/2024/一般入試/03_英語/R6_一般入試_英語_解答.pdf,,51477,広島城北高等学校
2025-general-99-99,広島県,高校入試,2025,R7,一般入試,その他,解答用紙,R7 一般入試 その他 解答用紙,R7_一般入試_その他_解答・解答用紙.pdf,2025/一般入試/99_その他/R7_一般入試_その他_解答・解答用紙.pdf,data/広島県_広島城北高等学校_高校入試問題/2025/一般入試/99_その他/R7_一般入試_その他_解答・解答用紙.pdf,,72228,広島城北高等学校
2025-general-a-02-99,広島県,高校入試,2025,R7,一般入試A,数学,問題・解答用紙,R7 一般入試A 数学 問題・解答用紙,R7_一般入試A_数学_問題・解答用紙.pdf,2025/一般入試A/02_数学/R7_一般入試A_数学_問題・解答用紙.pdf,data/広島県_広島城北高等学校_高校入試問題/2025/一般入試A/02_数学/R7_一般入試A_数学_問題・解答用紙.pdf,,29589,広島城北高等学校
2025-general-a-03-99,広島県,高校入試,2025,R7,一般入試A,英語,問題・解答用紙,R7 一般入試A 英語 問題・解答用紙,R7_一般入試A_英語_問題・解答用紙.pdf,2025/一般入試A/03_英語/R7_一般入試A_英語_問題・解答用紙.pdf,data/広島県_広島城北高等学校_高校入試問題/2025/一般入試A/03_英語/R7_一般入試A_英語_問題・解答用紙.pdf,,123725,広島城北高等学校
2025-general-b-02-99,広島県,高校入試,2025,R7,一般入試B,数学,問題・解答用紙,R7 一般入試B 数学 問題・解答用紙,R7_一般入試B_数学_問題・解答用紙.pdf,2025/一般入試B/02_数学/R7_一般入試B_数学_問題・解答用紙.pdf,data/広島県_広島城北高等学校_高校入試問題/2025/一般入試B/02_数学/R7_一般入試B_数学_問題・解答用紙.pdf,,90472,広島城北高等学校
2025-general-b-03-99,広島県,高校入試,2025,R7,一般入試B,英語,問題・解答用紙,R7 一般入試B 英語 問題・解答用紙,R7_一般入試B_英語_問題・解答用紙.pdf,2025/一般入試B/03_英語/R7_一般入試B_英語_問題・解答用紙.pdf,data/広島県_広島城北高等学校_高校入試問題/2025/一般入試B/03_英語/R7_一般入試B_英語_問題・解答用紙.pdf,,301844,広島城北高等学校
2016-general-01-99,広島県,中学入試,2016,H28,一般入試,国語,問題,H28 一般入試 国語 問題,H28_一般入試_国語_問題.pdf,2016/一般入試/01_国語/H28_一般入試_国語_問題.pdf,data/広島県_広島女学院中学_中学入試問題/2016/一般入試/01_国語/H28_一般入試_国語_問題.pdf,,410400,広島女学院中学
2016-general-02-99,広島県,中学入試,2016,H28,一般入試,算数,問題,H28 一般入試 算数 問題,H28_一般入試_算数_問題.pdf,2016/一般入試/02_算数/H28_一般入試_算数_問題.pdf,data/広島県_広島女学院中学_中学入試問題/2016/一般入試/02_算数/H28_一般入試_算数_問題.pdf,,112187,広島女学院中学
2016-general-99-99,広島県,中学入試,2016,H28,一般入試,社会・理科,問題,H28 一般入試 社会・理科 問題,H28_一般入試_社会・理科_問題.pdf,2016/一般入試/06_社会・理科/H28_一般入試_社会・理科_問題.pdf,data/広島県_広島女学院中学_中学入試問題/2016/一般入試/06_社会・理科/H28_一般入試_社会・理科_問題.pdf,,678409,広島女学院中学
2017-general-01-99,広島県,中学入試,2017,H29,一般入試,国語,問題,H29 一般入試 国語 問題,H29_一般入試_国語_問題.pdf,2017/一般入試/01_国語/H29_一般入試_国語_問題.pdf,data/広島県_広島女学院中学_中学入試問題/2017/一般入試/01_国語/H29_一般入試_国語_問題.pdf,,451820,広島女学院中学
2017-general-02-99,広島県,中学入試,2017,H29,一般入試,算数,問題,H29 一般入試 算数 問題,H29_一般入試_算数_問題.pdf,2017/一般入試/02_算数/H29_一般入試_算数_問題.pdf,data/広島県_広島女学院中学_中学入試問題/2017/一般入試/02_算数/H29_一般入試_算数_問題.pdf,,157039,広島女学院中学
2017-general-99-99,広島県,中学入試,2017,H29,一般入試,社会・理科,問題,H29 一般入試 社会・理科 問題,H29_一般入試_社会・理科_問題.pdf,2017/一般入試/06_社会・理科/H29_一般入試_社会・理科_問題.pdf,data/広島県_広島女学院中学_中学入試問題/2017/一般入試/06_社会・理科/H29_一般入試_社会・理科_問題.pdf,,731331,広島女学院中学
2018-general-01-99,広島県,中学入試,2018,H30,一般入試,国語,問題,H30 一般入試 国語 問題,H30_一般入試_国語_問題.pdf,2018/一般入試/01_国語/H30_一般入試_国語_問題.pdf,data/広島県_広島女学院中学_中学入試問題/2018/一般入試/01_国語/H30_一般入試_国語_問題.pdf,,432037,広島女学院中学
2018-general-02-99,広島県,中学入試,2018,H30,一般入試,算数,問題,H30 一般入試 算数 問題,H30_一般入試_算数_問題.pdf,2018/一般入試/02_算数/H30_一般入試_算数_問題.pdf,data/広島県_広島女学院中学_中学入試問題/2018/一般入試/02_算数/H30_一般入試_算数_問題.pdf,,232907,広島女学院中学
2018-general-99-99,広島県,中学入試,2018,H30,一般入試,社会・理科,問題,H30 一般入試 社会・理科 問題,H30_一般入試_社会・理科_問題.pdf,2018/一般入試/06_社会・理科/H30_一般入試_社会・理科_問題.pdf,data/広島県_広島女学院中学_中学入試問題/2018/一般入試/06_社会・理科/H30_一般入試_社会・理科_問題.pdf,,815782,広島女学院中学
2019-general-01-99,広島県,中学入試,2019,R1,一般入試,国語,問題,R1 一般入試 国語 問題,H31_一般入試_国語_問題.pdf,2019/一般入試/01_国語/H31_一般入試_国語_問題.pdf,data/広島県_広島女学院中学_中学入試問題/2019/一般入試/01_国語/H31_一般入試_国語_問題.pdf,,975983,広島女学院中学
2019-general-01-99,広島県,中学入試,2019,R1,一般入試,国語,解答,R1 一般入試 国語 解答,H31_一般入試_国語_解答.pdf,2019/一般入試/01_国語/H31_一般入試_国語_解答.pdf,data/広島県_広島女学院中学_中学入試問題/2019/一般入試/01_国語/H31_一般入試_国語_解答.pdf,,134648,広島女学院中学
2019-general-01-99,広島県,中学入試,2019,R1,一般入試,国語,解説,R1 一般入試 国語 解説,H31_一般入試_国語_解説.pdf,2019/一般入試/01_国語/H31_一般入試_国語_解説.pdf,data/広島県_広島女学院中学_中学入試問題/2019/一般入試/01_国語/H31_一般入試_国語_解説.pdf,,584416,広島女学院中学
2019-general-02-99,広島県,中学入試,2019,R1,一般入試,算数,問題,R1 一般入試 算数 問題,H31_一般入試_算数_問題.pdf,2019/一般入試/02_算数/H31_一般入試_算数_問題.pdf,data/広島県_広島女学院中学_中学入試問題/2019/一般入試/02_算数/H31_一般入試_算数_問題.pdf,,272320,広島女学院中学
2019-general-02-99,広島県,中学入試,2019,R1,一般入試,算数,解答,R1 一般入試 算数 解答,H31_一般入試_算数_解答.pdf,2019/一般入試/02_算数/H31_一般入試_算数_解答.pdf,data/広島県_広島女学院中学_中学入試問題/2019/一般入試/02_算数/H31_一般入試_算数_解答.pdf,,134648,広島女学院中学
2019-general-02-99,広島県,中学入試,2019,R1,一般入試,算数,解説,R1 一般入試 算数 解説,H31_一般入試_算数_解説.pdf,2019/一般入試/02_算数/H31_一般入試_算数_解説.pdf,data/広島県_広島女学院中学_中学入試問題/2019/一般入試/02_算数/H31_一般入試_算数_解説.pdf,,1096546,広島女学院中学
2019-general-04-99,広島県,中学入試,2019,R1,一般入試,理科,問題,R1 一般入試 理科 問題,H31_一般入試_理科_問題.pdf,2019/一般入試/04_理科/H31_一般入試_理科_問題.pdf,data/広島県_広島女学院中学_中学入試問題/2019/一般入試/04_理科/H31_一般入試_理科_問題.pdf,,500687,広島女学院中学
2019-general-04-99,広島県,中学入試,2019,R1,一般入試,理科,解答,R1 一般入試 理科 解答,H31_一般入試_理科_解答.pdf,2019/一般入試/04_理科/H31_一般入試_理科_解答.pdf,data/広島県_広島女学院中学_中学入試問題/2019/一般入試/04_理科/H31_一般入試_理科_解答.pdf,,134648,広島女学院中学
2019-general-04-99,広島県,中学入試,2019,R1,一般入試,理科,解説,R1 一般入試 理科 解説,H31_一般入試_理科_解説.pdf,2019/一般入試/04_理科/H31_一般入試_理科_解説.pdf,data/広島県_広島女学院中学_中学入試問題/2019/一般入試/04_理科/H31_一般入試_理科_解説.pdf,,284948,広島女学院中学
2019-general-05-99,広島県,中学入試,2019,R1,一般入試,社会,問題,R1 一般入試 社会 問題,H31_一般入試_社会_問題.pdf,2019/一般入試/05_社会/H31_一般入試_社会_問題.pdf,data/広島県_広島女学院中学_中学入試問題/2019/一般入試/05_社会/H31_一般入試_社会_問題.pdf,,531902,広島女学院中学
2019-general-05-99,広島県,中学入試,2019,R1,一般入試,社会,解答,R1 一般入試 社会 解答,H31_一般入試_社会_解答.pdf,2019/一般入試/05_社会/H31_一般入試_社会_解答.pdf,data/広島県_広島女学院中学_中学入試問題/2019/一般入試/05_社会/H31_一般入試_社会_解答.pdf,,134648,広島女学院中学
2019-general-05-99,広島県,中学入試,2019,R1,一般入試,社会,解説,R1 一般入試 社会 解説,H31_一般入試_社会_解説.pdf,2019/一般入試/05_社会/H31_一般入試_社会_解説.pdf,data/広島県_広島女学院中学_中学入試問題/2019/一般入試/05_社会/H31_一般入試_社会_解説.pdf,,284948,広島女学院中学
2020-general-01-99,広島県,中学入試,2020,R2,一般入試,国語,問題,R2 一般入試 国語 問題,R2_一般入試_国語_問題.pdf,2020/一般入試/01_国語/R2_一般入試_国語_問題.pdf,data/広島県_広島女学院中学_中学入試問題/2020/一般入試/01_国語/R2_一般入試_国語_問題.pdf,,624726,広島女学院中学
2020-general-01-99,広島県,中学入試,2020,R2,一般入試,国語,解答,R2 一般入試 国語 解答,R2_一般入試_国語_解答.pdf,2020/一般入試/01_国語/R2_一般入試_国語_解答.pdf,data/広島県_広島女学院中学_中学入試問題/2020/一般入試/01_国語/R2_一般入試_国語_解答.pdf,,130159,広島女学院中学
2020-general-01-99,広島県,中学入試,2020,R2,一般入試,国語,解説,R2 一般入試 国語 解説,R2_一般入試_国語_解説.pdf,2020/一般入試/01_国語/R2_一般入試_国語_解説.pdf,data/広島県_広島女学院中学_中学入試問題/2020/一般入試/01_国語/R2_一般入試_国語_解説.pdf,,575283,広島女学院中学
2020-general-02-99,広島県,中学入試,2020,R2,一般入試,算数,問題,R2 一般入試 算数 問題,R2_一般入試_算数_問題.pdf,2020/一般入試/02_算数/R2_一般入試_算数_問題.pdf,data/広島県_広島女学院中学_中学入試問題/2020/一般入試/02_算数/R2_一般入試_算数_問題.pdf,,194560,広島女学院中学
2020-general-02-99,広島県,中学入試,2020,R2,一般入試,算数,解答,R2 一般入試 算数 解答,R2_一般入試_算数_解答.pdf,2020/一般入試/02_算数/R2_一般入試_算数_解答.pdf,data/広島県_広島女学院中学_中学入試問題/2020/一般入試/02_算数/R2_一般入試_算数_解答.pdf,,130159,広島女学院中学
2020-general-02-99,広島県,中学入試,2020,R2,一般入試,算数,解説,R2 一般入試 算数 解説,R2_一般入試_算数_解説.pdf,2020/一般入試/02_算数/R2_一般入試_算数_解説.pdf,data/広島県_広島女学院中学_中学入試問題/2020/一般入試/02_算数/R2_一般入試_算数_解説.pdf,,795151,広島女学院中学
2020-general-04-99,広島県,中学入試,2020,R2,一般入試,理科,問題,R2 一般入試 理科 問題,R2_一般入試_理科_問題.pdf,2020/一般入試/04_理科/R2_一般入試_理科_問題.pdf,data/広島県_広島女学院中学_中学入試問題/2020/一般入試/04_理科/R2_一般入試_理科_問題.pdf,,1075199,広島女学院中学
2020-general-04-99,広島県,中学入試,2020,R2,一般入試,理科,解答,R2 一般入試 理科 解答,R2_一般入試_理科_解答.pdf,2020/一般入試/04_理科/R2_一般入試_理科_解答.pdf,data/広島県_広島女学院中学_中学入試問題/2020/一般入試/04_理科/R2_一般入試_理科_解答.pdf,,130159,広島女学院中学
2020-general-04-99,広島県,中学入試,2020,R2,一般入試,理科,解説,R2 一般入試 理科 解説,R2_一般入試_理科_解説.pdf,2020/一般入試/04_理科/R2_一般入試_理科_解説.pdf,data/広島県_広島女学院中学_中学入試問題/2020/一般入試/04_理科/R2_一般入試_理科_解説.pdf,,279488,広島女学院中学
2020-general-05-99,広島県,中学入試,2020,R2,一般入試,社会,問題,R2 一般入試 社会 問題,R2_一般入試_社会_問題.pdf,2020/一般入試/05_社会/R2_一般入試_社会_問題.pdf,data/広島県_広島女学院中学_中学入試問題/2020/一般入試/05_社会/R2_一般入試_社会_問題.pdf,,966756,広島女学院中学
2020-general-05-99,広島県,中学入試,2020,R2,一般入試,社会,解答,R2 一般入試 社会 解答,R2_一般入試_社会_解答.pdf,2020/一般入試/05_社会/R2_一般入試_社会_解答.pdf,data/広島県_広島女学院中学_中学入試問題/2020/一般入試/05_社会/R2_一般入試_社会_解答.pdf,,130159,広島女学院中学
2020-general-05-99,広島県,中学入試,2020,R2,一般入試,社会,解説,R2 一般入試 社会 解説,R2_一般入試_社会_解説.pdf,2020/一般入試/05_社会/R2_一般入試_社会_解説.pdf,data/広島県_広島女学院中学_中学入試問題/2020/一般入試/05_社会/R2_一般入試_社会_解説.pdf,,546789,広島女学院中学
2021-general-01-99,広島県,中学入試,2021,R3,一般入試,国語,問題,R3 一般入試 国語 問題,R3_一般入試_国語_問題.pdf,2021/一般入試/01_国語/R3_一般入試_国語_問題.pdf,data/広島県_広島女学院中学_中学入試問題/2021/一般入試/01_国語/R3_一般入試_国語_問題.pdf,,1285810,広島女学院中学
2021-general-01-99,広島県,中学入試,2021,R3,一般入試,国語,解答,R3 一般入試 国語 解答,R3_一般入試_国語_解答.pdf,2021/一般入試/01_国語/R3_一般入試_国語_解答.pdf,data/広島県_広島女学院中学_中学入試問題/2021/一般入試/01_国語/R3_一般入試_国語_解答.pdf,,174919,広島女学院中学
2021-general-01-99,広島県,中学入試,2021,R3,一般入試,国語,解説,R3 一般入試 国語 解説,R3_一般入試_国語_解説.pdf,2021/一般入試/01_国語/R3_一般入試_国語_解説.pdf,data/広島県_広島女学院中学_中学入試問題/2021/一般入試/01_国語/R3_一般入試_国語_解説.pdf,,622820,広島女学院中学
2021-general-02-99,広島県,中学入試,2021,R3,一般入試,算数,問題,R3 一般入試 算数 問題,R3_一般入試_算数_問題.pdf,2021/一般入試/02_算数/R3_一般入試_算数_問題.pdf,data/広島県_広島女学院中学_中学入試問題/2021/一般入試/02_算数/R3_一般入試_算数_問題.pdf,,450247,広島女学院中学
2021-general-02-99,広島県,中学入試,2021,R3,一般入試,算数,解答,R3 一般入試 算数 解答,R3_一般入試_算数_解答.pdf,2021/一般入試/02_算数/R3_一般入試_算数_解答.pdf,data/広島県_広島女学院中学_中学入試問題/2021/一般入試/02_算数/R3_一般入試_算数_解答.pdf,,174919,広島女学院中学
2021-general-02-99,広島県,中学入試,2021,R3,一般入試,算数,解説,R3 一般入試 算数 解説,R3_一般入試_算数_解説.pdf,2021/一般入試/02_算数/R3_一般入試_算数_解説.pdf,data/広島県_広島女学院中学_中学入試問題/2021/一般入試/02_算数/R3_一般入試_算数_解説.pdf,,874098,広島女学院中学
2021-general-04-99,広島県,中学入試,2021,R3,一般入試,理科,問題,R3 一般入試 理科 問題,R3_一般入試_理科_問題.pdf,2021/一般入試/04_理科/R3_一般入試_理科_問題.pdf,data/広島県_広島女学院中学_中学入試問題/2021/一般入試/04_理科/R3_一般入試_理科_問題.pdf,,653180,広島女学院中学
2021-general-04-99,広島県,中学入試,2021,R3,一般入試,理科,解答,R3 一般入試 理科 解答,R3_一般入試_理科_解答.pdf,2021/一般入試/04_理科/R3_一般入試_理科_解答.pdf,data/広島県_広島女学院中学_中学入試問題/2021/一般入試/04_理科/R3_一般入試_理科_解答.pdf,,174919,広島女学院中学
2021-general-04-99,広島県,中学入試,2021,R3,一般入試,理科,解説,R3 一般入試 理科 解説,R3_一般入試_理科_解説.pdf,2021/一般入試/04_理科/R3_一般入試_理科_解説.pdf,data/広島県_広島女学院中学_中学入試問題/2021/一般入試/04_理科/R3_一般入試_理科_解説.pdf,,612683,広島女学院中学
2021-general-05-99,広島県,中学入試,2021,R3,一般入試,社会,問題,R3 一般入試 社会 問題,R3_一般入試_社会_問題.pdf,2021/一般入試/05_社会/R3_一般入試_社会_問題.pdf,data/広島県_広島女学院中学_中学入試問題/2021/一般入試/05_社会/R3_一般入試_社会_問題.pdf,,927629,広島女学院中学
2021-general-05-99,広島県,中学入試,2021,R3,一般入試,社会,解答,R3 一般入試 社会 解答,R3_一般入試_社会_解答.pdf,2021/一般入試/05_社会/R3_一般入試_社会_解答.pdf,data/広島県_広島女学院中学_中学入試問題/2021/一般入試/05_社会/R3_一般入試_社会_解答.pdf,,174919,広島女学院中学
2021-general-05-99,広島県,中学入試,2021,R3,一般入試,社会,解説,R3 一般入試 社会 解説,R3_一般入試_社会_解説.pdf,2021/一般入試/05_社会/R3_一般入試_社会_解説.pdf,data/広島県_広島女学院中学_中学入試問題/2021/一般入試/05_社会/R3_一般入試_社会_解説.pdf,,282894,広島女学院中学
2022-general-01-99,広島県,中学入試,2022,R4,一般入試,国語,問題,R4 一般入試 国語 問題,R4_一般入試_国語_問題.pdf,2022/一般入試/01_国語/R4_一般入試_国語_問題.pdf,data/広島県_広島女学院中学_中学入試問題/2022/一般入試/01_国語/R4_一般入試_国語_問題.pdf,,1706320,広島女学院中学
2022-general-01-99,広島県,中学入試,2022,R4,一般入試,国語,解答,R4 一般入試 国語 解答,R4_一般入試_国語_解答.pdf,2022/一般入試/01_国語/R4_一般入試_国語_解答.pdf,data/広島県_広島女学院中学_中学入試問題/2022/一般入試/01_国語/R4_一般入試_国語_解答.pdf,,197404,広島女学院中学
2022-general-01-99,広島県,中学入試,2022,R4,一般入試,国語,解説,R4 一般入試 国語 解説,R4_一般入試_国語_解説.pdf,2022/一般入試/01_国語/R4_一般入試_国語_解説.pdf,data/広島県_広島女学院中学_中学入試問題/2022/一般入試/01_国語/R4_一般入試_国語_解説.pdf,,612233,広島女学院中学
2022-general-02-99,広島県,中学入試,2022,R4,一般入試,算数,問題,R4 一般入試 算数 問題,R4_一般入試_算数_問題.pdf,2022/一般入試/02_算数/R4_一般入試_算数_問題.pdf,data/広島県_広島女学院中学_中学入試問題/2022/一般入試/02_算数/R4_一般入試_算数_問題.pdf,,481305,広島女学院中学
2022-general-02-99,広島県,中学入試,2022,R4,一般入試,算数,解答,R4 一般入試 算数 解答,R4_一般入試_算数_解答.pdf,2022/一般入試/02_算数/R4_一般入試_算数_解答.pdf,data/広島県_広島女学院中学_中学入試問題/2022/一般入試/02_算数/R4_一般入試_算数_解答.pdf,,197404,広島女学院中学
2022-general-02-99,広島県,中学入試,2022,R4,一般入試,算数,解説,R4 一般入試 算数 解説,R4_一般入試_算数_解説.pdf,2022/一般入試/02_算数/R4_一般入試_算数_解説.pdf,data/広島県_広島女学院中学_中学入試問題/2022/一般入試/02_算数/R4_一般入試_算数_解説.pdf,,684957,広島女学院中学
2022-general-04-99,広島県,中学入試,2022,R4,一般入試,理科,問題,R4 一般入試 理科 問題,R4_一般入試_理科_問題.pdf,2022/一般入試/04_理科/R4_一般入試_理科_問題.pdf,data/広島県_広島女学院中学_中学入試問題/2022/一般入試/04_理科/R4_一般入試_理科_問題.pdf,,1200538,広島女学院中学
2022-general-04-99,広島県,中学入試,2022,R4,一般入試,理科,解答,R4 一般入試 理科 解答,R4_一般入試_理科_解答.pdf,2022/一般入試/04_理科/R4_一般入試_理科_解答.pdf,data/広島県_広島女学院中学_中学入試問題/2022/一般入試/04_理科/R4_一般入試_理科_解答.pdf,,197404,広島女学院中学
2022-general-04-99,広島県,中学入試,2022,R4,一般入試,理科,解説,R4 一般入試 理科 解説,R4_一般入試_理科_解説.pdf,2022/一般入試/04_理科/R4_一般入試_理科_解説.pdf,data/広島県_広島女学院中学_中学入試問題/2022/一般入試/04_理科/R4_一般入試_理科_解説.pdf,,402911,広島女学院中学
2022-general-05-99,広島県,中学入試,2022,R4,一般入試,社会,問題,R4 一般入試 社会 問題,R4_一般入試_社会_問題.pdf,2022/一般入試/05_社会/R4_一般入試_社会_問題.pdf,data/広島県_広島女学院中学_中学入試問題/2022/一般入試/05_社会/R4_一般入試_社会_問題.pdf,,1955669,広島女学院中学
2022-general-05-99,広島県,中学入試,2022,R4,一般入試,社会,解答,R4 一般入試 社会 解答,R4_一般入試_社会_解答.pdf,2022/一般入試/05_社会/R4_一般入試_社会_解答.pdf,data/広島県_広島女学院中学_中学入試問題/2022/一般入試/05_社会/R4_一般入試_社会_解答.pdf,,197404,広島女学院中学
2022-general-05-99,広島県,中学入試,2022,R4,一般入試,社会,解説,R4 一般入試 社会 解説,R4_一般入試_社会_解説.pdf,2022/一般入試/05_社会/R4_一般入試_社会_解説.pdf,data/広島県_広島女学院中学_中学入試問題/2022/一般入試/05_社会/R4_一般入試_社会_解説.pdf,,292132,広島女学院中学
2023-general-01-99,広島県,中学入試,2023,R5,一般入試,国語,問題,R5 一般入試 国語 問題,R5_一般入試_国語_問題.pdf,2023/一般入試/01_国語/R5_一般入試_国語_問題.pdf,data/広島県_広島女学院中学_中学入試問題/2023/一般入試/01_国語/R5_一般入試_国語_問題.pdf,,1097800,広島女学院中学
2023-general-01-99,広島県,中学入試,2023,R5,一般入試,国語,解答,R5 一般入試 国語 解答,R5_一般入試_国語_解答.pdf,2023/一般入試/01_国語/R5_一般入試_国語_解答.pdf,data/広島県_広島女学院中学_中学入試問題/2023/一般入試/01_国語/R5_一般入試_国語_解答.pdf,,215885,広島女学院中学
2023-general-01-99,広島県,中学入試,2023,R5,一般入試,国語,解説,R5 一般入試 国語 解説,R5_一般入試_国語_解説.pdf,2023/一般入試/01_国語/R5_一般入試_国語_解説.pdf,data/広島県_広島女学院中学_中学入試問題/2023/一般入試/01_国語/R5_一般入試_国語_解説.pdf,,622336,広島女学院中学
2023-general-02-99,広島県,中学入試,2023,R5,一般入試,算数,問題,R5 一般入試 算数 問題,R5_一般入試_算数_問題.pdf,2023/一般入試/02_算数/R5_一般入試_算数_問題.pdf,data/広島県_広島女学院中学_中学入試問題/2023/一般入試/02_算数/R5_一般入試_算数_問題.pdf,,420396,広島女学院中学
2023-general-02-99,広島県,中学入試,2023,R5,一般入試,算数,解答,R5 一般入試 算数 解答,R5_一般入試_算数_解答.pdf,2023/一般入試/02_算数/R5_一般入試_算数_解答.pdf,data/広島県_広島女学院中学_中学入試問題/2023/一般入試/02_算数/R5_一般入試_算数_解答.pdf,,215885,広島女学院中学
2023-general-02-99,広島県,中学入試,2023,R5,一般入試,算数,解説,R5 一般入試 算数 解説,R5_一般入試_算数_解説.pdf,2023/一般入試/02_算数/R5_一般入試_算数_解説.pdf,data/広島県_広島女学院中学_中学入試問題/2023/一般入試/02_算数/R5_一般入試_算数_解説.pdf,,526296,広島女学院中学
2023-general-04-99,広島県,中学入試,2023,R5,一般入試,理科,問題,R5 一般入試 理科 問題,R5_一般入試_理科_問題.pdf,2023/一般入試/04_理科/R5_一般入試_理科_問題.pdf,data/広島県_広島女学院中学_中学入試問題/2023/一般入試/04_理科/R5_一般入試_理科_問題.pdf,,151309,広島女学院中学
2023-general-04-99,広島県,中学入試,2023,R5,一般入試,理科,解答,R5 一般入試 理科 解答,R5_一般入試_理科_解答.pdf,2023/一般入試/04_理科/R5_一般入試_理科_解答.pdf,data/広島県_広島女学院中学_中学入試問題/2023/一般入試/04_理科/R5_一般入試_理科_解答.pdf,,215885,広島女学院中学
2023-general-04-99,広島県,中学入試,2023,R5,一般入試,理科,解説,R5 一般入試 理科 解説,R5_一般入試_理科_解説.pdf,2023/一般入試/04_理科/R5_一般入試_理科_解説.pdf,data/広島県_広島女学院中学_中学入試問題/2023/一般入試/04_理科/R5_一般入試_理科_解説.pdf,,541912,広島女学院中学
2023-general-05-99,広島県,中学入試,2023,R5,一般入試,社会,問題,R5 一般入試 社会 問題,R5_一般入試_社会_問題.pdf,2023/一般入試/05_社会/R5_一般入試_社会_問題.pdf,data/広島県_広島女学院中学_中学入試問題/2023/一般入試/05_社会/R5_一般入試_社会_問題.pdf,,1299908,広島女学院中学
2023-general-05-99,広島県,中学入試,2023,R5,一般入試,社会,解答,R5 一般入試 社会 解答,R5_一般入試_社会_解答.pdf,2023/一般入試/05_社会/R5_一般入試_社会_解答.pdf,data/広島県_広島女学院中学_中学入試問題/2023/一般入試/05_社会/R5_一般入試_社会_解答.pdf,,215885,広島女学院中学
2023-general-05-99,広島県,中学入試,2023,R5,一般入試,社会,解説,R5 一般入試 社会 解説,R5_一般入試_社会_解説.pdf,2023/一般入試/05_社会/R5_一般入試_社会_解説.pdf,data/広島県_広島女学院中学_中学入試問題/2023/一般入試/05_社会/R5_一般入試_社会_解説.pdf,,279402,広島女学院中学
2020-special-01-99,広島県,高校入試,2020,R2,一般入試_特別進学コース,国語,問題,R2 一般入試_特別進学コース 国語 問題,R2_一般入試_特別進学コース_国語_問題.pdf,2020/一般入試_特別進学コース/01_国語/R2_一般入試_特別進学コース_国語_問題.pdf,data/広島県_広島県瀬戸内高校_高校入試問題/2020/一般入試_特別進学コース/01_国語/R2_一般入試_特別進学コース_国語_問題.pdf,,362923,広島県瀬戸内高校
2020-special-01-99,広島県,高校入試,2020,R2,一般入試_特別進学コース,国語,解答,R2 一般入試_特別進学コース 国語 解答,R2_一般入試_特別進学コース_国語_解答.pdf,2020/一般入試_特別進学コース/01_国語/R2_一般入試_特別進学コース_国語_解答.pdf,data/広島県_広島県瀬戸内高校_高校入試問題/2020/一般入試_特別進学コース/01_国語/R2_一般入試_特別進学コース_国語_解答.pdf,,64744,広島県瀬戸内高校
2020-special-01-99,広島県,高校入試,2020,R2,一般入試_特別進学コース,国語,解答用紙,R2 一般入試_特別進学コース 国語 解答用紙,R2_一般入試_特別進学コース_国語_解答用紙.pdf,2020/一般入試_特別進学コース/01_国語/R2_一般入試_特別進学コース_国語_解答用紙.pdf,data/広島県_広島県瀬戸内高校_高校入試問題/2020/一般入試_特別進学コース/01_国語/R2_一般入試_特別進学コース_国語_解答用紙.pdf,,27164,広島県瀬戸内高校
2020-special-02-99,広島県,高校入試,2020,R2,一般入試_特別進学コース,数学,問題,R2 一般入試_特別進学コース 数学 問題,R2_一般入試_特別進学コース_数学_問題.pdf,2020/一般入試_特別進学コース/02_数学/R2_一般入試_特別進学コース_数学_問題.pdf,data/広島県_広島県瀬戸内高校_高校入試問題/2020/一般入試_特別進学コース/02_数学/R2_一般入試_特別進学コース_数学_問題.pdf,,130804,広島県瀬戸内高校
2020-special-02-99,広島県,高校入試,2020,R2,一般入試_特別進学コース,数学,解答,R2 一般入試_特別進学コース 数学 解答,R2_一般入試_特別進学コース_数学_解答.pdf,2020/一般入試_特別進学コース/02_数学/R2_一般入試_特別進学コース_数学_解答.pdf,data/広島県_広島県瀬戸内高校_高校入試問題/2020/一般入試_特別進学コース/02_数学/R2_一般入試_特別進学コース_数学_解答.pdf,,64744,広島県瀬戸内高校
2020-special-02-99,広島県,高校入試,2020,R2,一般入試_特別進学コース,数学,解答用紙,R2 一般入試_特別進学コース 数学 解答用紙,R2_一般入試_特別進学コース_数学_解答用紙.pdf,2020/一般入試_特別進学コース/02_数学/R2_一般入試_特別進学コース_数学_解答用紙.pdf,data/広島県_広島県瀬戸内高校_高校入試問題/2020/一般入試_特別進学コース/02_数学/R2_一般入試_特別進学コース_数学_解答用紙.pdf,,24470,広島県瀬戸内高校
2020-special-02-99,広島県,高校入試,2020,R2,一般入試_特別進学コース,数学,解説,R2 一般入試_特別進学コース 数学 解説,R2_一般入試_特別進学コース_数学_解説.pdf,2020/一般入試_特別進学コース/02_数学/R2_一般入試_特別進学コース_数学_解説.pdf,data/広島県_広島県瀬戸内高校_高校入試問題/2020/一般入試_特別進学コース/02_数学/R2_一般入試_特別進学コース_数学_解説.pdf,,135592,広島県瀬戸内高校
2020-special-03-99,広島県,高校入試,2020,R2,一般入試_特別進学コース,英語,問題,R2 一般入試_特別進学コース 英語 問題,R2_一般入試_特別進学コース_英語_問題.pdf,2020/一般入試_特別進学コース/03_英語/R2_一般入試_特別進学コース_英語_問題.pdf,data/広島県_広島県瀬戸内高校_高校入試問題/2020/一般入試_特別進学コース/03_英語/R2_一般入試_特別進学コース_英語_問題.pdf,,166778,広島県瀬戸内高校
2020-special-03-99,広島県,高校入試,2020,R2,一般入試_特別進学コース,英語,解答,R2 一般入試_特別進学コース 英語 解答,R2_一般入試_特別進学コース_英語_解答.pdf,2020/一般入試_特別進学コース/03_英語/R2_一般入試_特別進学コース_英語_解答.pdf,data/広島県_広島県瀬戸内高校_高校入試問題/2020/一般入試_特別進学コース/03_英語/R2_一般入試_特別進学コース_英語_解答.pdf,,64744,広島県瀬戸内高校
2020-special-03-99,広島県,高校入試,2020,R2,一般入試_特別進学コース,英語,解答用紙,R2 一般入試_特別進学コース 英語 解答用紙,R2_一般入試_特別進学コース_英語_解答用紙.pdf,2020/一般入試_特別進学コース/03_英語/R2_一般入試_特別進学コース_英語_解答用紙.pdf,data/広島県_広島県瀬戸内高校_高校入試問題/2020/一般入試_特別進学コース/03_英語/R2_一般入試_特別進学コース_英語_解答用紙.pdf,,24907,広島県瀬戸内高校
2020-special-04-99,広島県,高校入試,2020,R2,一般入試_特別進学コース,理科,問題,R2 一般入試_特別進学コース 理科 問題,R2_一般入試_特別進学コース_理科_問題.pdf,2020/一般入試_特別進学コース/04_理科/R2_一般入試_特別進学コース_理科_問題.pdf,data/広島県_広島県瀬戸内高校_高校入試問題/2020/一般入試_特別進学コース/04_理科/R2_一般入試_特別進学コース_理科_問題.pdf,,376642,広島県瀬戸内高校
2020-special-04-99,広島県,高校入試,2020,R2,一般入試_特別進学コース,理科,解答,R2 一般入試_特別進学コース 理科 解答,R2_一般入試_特別進学コース_理科_解答.pdf,2020/一般入試_特別進学コース/04_理科/R2_一般入試_特別進学コース_理科_解答.pdf,data/広島県_広島県瀬戸内高校_高校入試問題/2020/一般入試_特別進学コース/04_理科/R2_一般入試_特別進学コース_理科_解答.pdf,,64744,広島県瀬戸内高校
2020-special-04-99,広島県,高校入試,2020,R2,一般入試_特別進学コース,理科,解答用紙,R2 一般入試_特別進学コース 理科 解答用紙,R2_一般入試_特別進学コース_理科_解答用紙.pdf,2020/一般入試_特別進学コース/04_理科/R2_一般入試_特別進学コース_理科_解答用紙.pdf,data/広島県_広島県瀬戸内高校_高校入試問題/2020/一般入試_特別進学コース/04_理科/R2_一般入試_特別進学コース_理科_解答用紙.pdf,,23269,広島県瀬戸内高校
2020-special-05-99,広島県,高校入試,2020,R2,一般入試_特別進学コース,社会,問題,R2 一般入試_特別進学コース 社会 問題,R2_一般入試_特別進学コース_社会_問題.pdf,2020/一般入試_特別進学コース/05_社会/R2_一般入試_特別進学コース_社会_問題.pdf,data/広島県_広島県瀬戸内高校_高校入試問題/2020/一般入試_特別進学コース/05_社会/R2_一般入試_特別進学コース_社会_問題.pdf,,829014,広島県瀬戸内高校
2020-special-05-99,広島県,高校入試,2020,R2,一般入試_特別進学コース,社会,解答,R2 一般入試_特別進学コース 社会 解答,R2_一般入試_特別進学コース_社会_解答.pdf,2020/一般入試_特別進学コース/05_社会/R2_一般入試_特別進学コース_社会_解答.pdf,data/広島県_広島県瀬戸内高校_高校入試問題/2020/一般入試_特別進学コース/05_社会/R2_一般入試_特別進学コース_社会_解答.pdf,,64744,広島県瀬戸内高校
2020-special-05-99,広島県,高校入試,2020,R2,一般入試_特別進学コース,社会,解答用紙,R2 一般入試_特別進学コース 社会 解答用紙,R2_一般入試_特別進学コース_社会_解答用紙.pdf,2020/一般入試_特別進学コース/05_社会/R2_一般入試_特別進学コース_社会_解答用紙.pdf,data/広島県_広島県瀬戸内高校_高校入試問題/2020/一般入試_特別進学コース/05_社会/R2_一般入試_特別進学コース_社会_解答用紙.pdf,,31687,広島県瀬戸内高校
2021-special-01-99,広島県,高校入試,2021,R3,一般入試_特別進学コース,国語,問題,R3 一般入試_特別進学コース 国語 問題,R3_一般入試_特別進学コース_国語_問題.pdf,2021/一般入試_特別進学コース/01_国語/R3_一般入試_特別進学コース_国語_問題.pdf,data/広島県_広島県瀬戸内高校_高校入試問題/2021/一般入試_特別進学コース/01_国語/R3_一般入試_特別進学コース_国語_問題.pdf,,297633,広島県瀬戸内高校
2021-special-01-99,広島県,高校入試,2021,R3,一般入試_特別進学コース,国語,解答,R3 一般入試_特別進学コース 国語 解答,R3_一般入試_特別進学コース_国語_解答.pdf,2021/一般入試_特別進学コース/01_国語/R3_一般入試_特別進学コース_国語_解答.pdf,data/広島県_広島県瀬戸内高校_高校入試問題/2021/一般入試_特別進学コース/01_国語/R3_一般入試_特別進学コース_国語_解答.pdf,,143437,広島県瀬戸内高校
2021-special-01-99,広島県,高校入試,2021,R3,一般入試_特別進学コース,国語,解答用紙,R3 一般入試_特別進学コース 国語 解答用紙,R3_一般入試_特別進学コース_国語_解答用紙.pdf,2021/一般入試_特別進学コース/01_国語/R3_一般入試_特別進学コース_国語_解答用紙.pdf,data/広島県_広島県瀬戸内高校_高校入試問題/2021/一般入試_特別進学コース/01_国語/R3_一般入試_特別進学コース_国語_解答用紙.pdf,,30648,広島県瀬戸内高校
2021-special-02-99,広島県,高校入試,2021,R3,一般入試_特別進学コース,数学,問題,R3 一般入試_特別進学コース 数学 問題,R3_一般入試_特別進学コース_数学_問題.pdf,2021/一般入試_特別進学コース/02_数学/R3_一般入試_特別進学コース_数学_問題.pdf,data/広島県_広島県瀬戸内高校_高校入試問題/2021/一般入試_特別進学コース/02_数学/R3_一般入試_特別進学コース_数学_問題.pdf,,182094,広島県瀬戸内高校
2021-special-02-99,広島県,高校入試,2021,R3,一般入試_特別進学コース,数学,解答,R3 一般入試_特別進学コース 数学 解答,R3_一般入試_特別進学コース_数学_解答.pdf,2021/一般入試_特別進学コース/02_数学/R3_一般入試_特別進学コース_数学_解答.pdf,data/広島県_広島県瀬戸内高校_高校入試問題/2021/一般入試_特別進学コース/02_数学/R3_一般入試_特別進学コース_数学_解答.pdf,,143437,広島県瀬戸内高校
2021-special-02-99,広島県,高校入試,2021,R3,一般入試_特別進学コース,数学,解答用紙,R3 一般入試_特別進学コース 数学 解答用紙,R3_一般入試_特別進学コース_数学_解答用紙.pdf,2021/一般入試_特別進学コース/02_数学/R3_一般入試_特別進学コース_数学_解答用紙.pdf,data/広島県_広島県瀬戸内高校_高校入試問題/2021/一般入試_特別進学コース/02_数学/R3_一般入試_特別進学コース_数学_解答用紙.pdf,,27302,広島県瀬戸内高校
2021-special-02-99,広島県,高校入試,2021,R3,一般入試_特別進学コース,数学,解説,R3 一般入試_特別進学コース 数学 解説,R3_一般入試_特別進学コース_数学_解説.pdf,2021/一般入試_特別進学コース/02_数学/R3_一般入試_特別進学コース_数学_解説.pdf,data/広島県_広島県瀬戸内高校_高校入試問題/2021/一般入試_特別進学コース/02_数学/R3_一般入試_特別進学コース_数学_解説.pdf,,143627,広島県瀬戸内高校
2021-special-03-99,広島県,高校入試,2021,R3,一般入試_特別進学コース,英語,問題,R3 一般入試_特別進学コース 英語 問題,R3_一般入試_特別進学コース_英語_問題.pdf,2021/一般入試_特別進学コース/03_英語/R3_一般入試_特別進学コース_英語_問題.pdf,data/広島県_広島県瀬戸内高校_高校入試問題/2021/一般入試_特別進学コース/03_英語/R3_一般入試_特別進学コース_英語_問題.pdf,,222698,広島県瀬戸内高校
2021-special-03-99,広島県,高校入試,2021,R3,一般入試_特別進学コース,英語,解答,R3 一般入試_特別進学コース 英語 解答,R3_一般入試_特別進学コース_英語_解答.pdf,2021/一般入試_特別進学コース/03_英語/R3_一般入試_特別進学コース_英語_解答.pdf,data/広島県_広島県瀬戸内高校_高校入試問題/2021/一般入試_特別進学コース/03_英語/R3_一般入試_特別進学コース_英語_解答.pdf,,143437,広島県瀬戸内高校
2021-special-03-99,広島県,高校入試,2021,R3,一般入試_特別進学コース,英語,解答用紙,R3 一般入試_特別進学コース 英語 解答用紙,R3_一般入試_特別進学コース_英語_解答用紙.pdf,2021/一般入試_特別進学コース/03_英語/R3_一般入試_特別進学コース_英語_解答用紙.pdf,data/広島県_広島県瀬戸内高校_高校入試問題/2021/一般入試_特別進学コース/03_英語/R3_一般入試_特別進学コース_英語_解答用紙.pdf,,24572,広島県瀬戸内高校
2022-special-01-99,広島県,高校入試,2022,R4,一般入試_特別進学コース,国語,問題,R4 一般入試_特別進学コース 国語 問題,R4_一般入試_特別進学コース_国語_問題.pdf,2022/一般入試_特別進学コース/01_国語/R4_一般入試_特別進学コース_国語_問題.pdf,data/広島県_広島県瀬戸内高校_高校入試問題/2022/一般入試_特別進学コース/01_国語/R4_一般入試_特別進学コース_国語_問題.pdf,,279713,広島県瀬戸内高校
2022-special-01-99,広島県,高校入試,2022,R4,一般入試_特別進学コース,国語,解答,R4 一般入試_特別進学コース 国語 解答,R4_一般入試_特別進学コース_国語_解答.pdf,2022/一般入試_特別進学コース/01_国語/R4_一般入試_特別進学コース_国語_解答.pdf,data/広島県_広島県瀬戸内高校_高校入試問題/2022/一般入試_特別進学コース/01_国語/R4_一般入試_特別進学コース_国語_解答.pdf,,132661,広島県瀬戸内高校
2022-special-01-99,広島県,高校入試,2022,R4,一般入試_特別進学コース,国語,解答用紙,R4 一般入試_特別進学コース 国語 解答用紙,R4_一般入試_特別進学コース_国語_解答用紙.pdf,2022/一般入試_特別進学コース/01_国語/R4_一般入試_特別進学コース_国語_解答用紙.pdf,data/広島県_広島県瀬戸内高校_高校入試問題/2022/一般入試_特別進学コース/01_国語/R4_一般入試_特別進学コース_国語_解答用紙.pdf,,26034,広島県瀬戸内高校
2022-special-02-99,広島県,高校入試,2022,R4,一般入試_特別進学コース,数学,問題,R4 一般入試_特別進学コース 数学 問題,R4_一般入試_特別進学コース_数学_問題.pdf,2022/一般入試_特別進学コース/02_数学/R4_一般入試_特別進学コース_数学_問題.pdf,data/広島県_広島県瀬戸内高校_高校入試問題/2022/一般入試_特別進学コース/02_数学/R4_一般入試_特別進学コース_数学_問題.pdf,,90872,広島県瀬戸内高校
2022-special-02-99,広島県,高校入試,2022,R4,一般入試_特別進学コース,数学,解答,R4 一般入試_特別進学コース 数学 解答,R4_一般入試_特別進学コース_数学_解答.pdf,2022/一般入試_特別進学コース/02_数学/R4_一般入試_特別進学コース_数学_解答.pdf,data/広島県_広島県瀬戸内高校_高校入試問題/2022/一般入試_特別進学コース/02_数学/R4_一般入試_特別進学コース_数学_解答.pdf,,132661,広島県瀬戸内高校
2022-special-02-99,広島県,高校入試,2022,R4,一般入試_特別進学コース,数学,解答用紙,R4 一般入試_特別進学コース 数学 解答用紙,R4_一般入試_特別進学コース_数学_解答用紙.pdf,2022/一般入試_特別進学コース/02_数学/R4_一般入試_特別進学コース_数学_解答用紙.pdf,data/広島県_広島県瀬戸内高校_高校入試問題/2022/一般入試_特別進学コース/02_数学/R4_一般入試_特別進学コース_数学_解答用紙.pdf,,26901,広島県瀬戸内高校
2022-special-02-99,広島県,高校入試,2022,R4,一般入試_特別進学コース,数学,解説,R4 一般入試_特別進学コース 数学 解説,R4_一般入試_特別進学コース_数学_解説.pdf,2022/一般入試_特別進学コース/02_数学/R4_一般入試_特別進学コース_数学_解説.pdf,data/広島県_広島県瀬戸内高校_高校入試問題/2022/一般入試_特別進学コース/02_数学/R4_一般入試_特別進学コース_数学_解説.pdf,,128015,広島県瀬戸内高校
2022-special-03-99,広島県,高校入試,2022,R4,一般入試_特別進学コース,英語,問題,R4 一般入試_特別進学コース 英語 問題,R4_一般入試_特別進学コース_英語_問題.pdf,2022/一般入試_特別進学コース/03_英語/R4_一般入試_特別進学コース_英語_問題.pdf,data/広島県_広島県瀬戸内高校_高校入試問題/2022/一般入試_特別進学コース/03_英語/R4_一般入試_特別進学コース_英語_問題.pdf,,252350,広島県瀬戸内高校
2022-special-03-99,広島県,高校入試,2022,R4,一般入試_特別進学コース,英語,解答,R4 一般入試_特別進学コース 英語 解答,R4_一般入試_特別進学コース_英語_解答.pdf,2022/一般入試_特別進学コース/03_英語/R4_一般入試_特別進学コース_英語_解答.pdf,data/広島県_広島県瀬戸内高校_高校入試問題/2022/一般入試_特別進学コース/03_英語/R4_一般入試_特別進学コース_英語_解答.pdf,,132661,広島県瀬戸内高校
2022-special-03-99,広島県,高校入試,2022,R4,一般入試_特別進学コース,英語,解答用紙,R4 一般入試_特別進学コース 英語 解答用紙,R4_一般入試_特別進学コース_英語_解答用紙.pdf,2022/一般入試_特別進学コース/03_英語/R4_一般入試_特別進学コース_英語_解答用紙.pdf,data/広島県_広島県瀬戸内高校_高校入試問題/2022/一般入試_特別進学コース/03_英語/R4_一般入試_特別進学コース_英語_解答用紙.pdf,,28133,広島県瀬戸内高校
2020-general-01-99,広島県,高校入試,2020,R2,一般入試,国語,問題・解答用紙,R2 一般入試 国語 問題・解答用紙,R2_一般入試_国語_問題・解答用紙.pdf,2020/一般入試/01_国語/R2_一般入試_国語_問題・解答用紙.pdf,data/広島県_武田高等学校_高校入試問題/2020/一般入試/01_国語/R2_一般入試_国語_問題・解答用紙.pdf,,621530,武田高等学校
2020-general-01-99,広島県,高校入試,2020,R2,一般入試,国語,解答,R2 一般入試 国語 解答,R2_一般入試_国語_解答.pdf,2020/一般入試/01_国語/R2_一般入試_国語_解答.pdf,data/広島県_武田高等学校_高校入試問題/2020/一般入試/01_国語/R2_一般入試_国語_解答.pdf,,49270,武田高等学校
2020-general-02-99,広島県,高校入試,2020,R2,一般入試,数学,問題・解答用紙,R2 一般入試 数学 問題・解答用紙,R2_一般入試_数学_問題・解答用紙.pdf,2020/一般入試/02_数学/R2_一般入試_数学_問題・解答用紙.pdf,data/広島県_武田高等学校_高校入試問題/2020/一般入試/02_数学/R2_一般入試_数学_問題・解答用紙.pdf,,188489,武田高等学校
2020-general-02-99,広島県,高校入試,2020,R2,一般入試,数学,解答,R2 一般入試 数学 解答,R2_一般入試_数学_解答.pdf,2020/一般入試/02_数学/R2_一般入試_数学_解答.pdf,data/広島県_武田高等学校_高校入試問題/2020/一般入試/02_数学/R2_一般入試_数学_解答.pdf,,39625,武田高等学校
2020-general-03-99,広島県,高校入試,2020,R2,一般入試,英語,問題・解答用紙,R2 一般入試 英語 問題・解答用紙,R2_一般入試_英語_問題・解答用紙.pdf,2020/一般入試/03_英語/R2_一般入試_英語_問題・解答用紙.pdf,data/広島県_武田高等学校_高校入試問題/2020/一般入試/03_英語/R2_一般入試_英語_問題・解答用紙.pdf,,226067,武田高等学校
2020-general-03-99,広島県,高校入試,2020,R2,一般入試,英語,解答,R2 一般入試 英語 解答,R2_一般入試_英語_解答.pdf,2020/一般入試/03_英語/R2_一般入試_英語_解答.pdf,data/広島県_武田高等学校_高校入試問題/2020/一般入試/03_英語/R2_一般入試_英語_解答.pdf,,41563,武田高等学校
2020-general-04-99,広島県,高校入試,2020,R2,一般入試,理科,問題・解答用紙,R2 一般入試 理科 問題・解答用紙,R2_一般入試_理科_問題・解答用紙.pdf,2020/一般入試/04_理科/R2_一般入試_理科_問題・解答用紙.pdf,data/広島県_武田高等学校_高校入試問題/2020/一般入試/04_理科/R2_一般入試_理科_問題・解答用紙.pdf,,428617,武田高等学校
2020-general-04-99,広島県,高校入試,2020,R2,一般入試,理科,解答,R2 一般入試 理科 解答,R2_一般入試_理科_解答.pdf,2020/一般入試/04_理科/R2_一般入試_理科_解答.pdf,data/広島県_武田高等学校_高校入試問題/2020/一般入試/04_理科/R2_一般入試_理科_解答.pdf,,48215,武田高等学校
2020-general-05-99,広島県,高校入試,2020,R2,一般入試,社会,問題・解答用紙,R2 一般入試 社会 問題・解答用紙,R2_一般入試_社会_問題・解答用紙.pdf,2020/一般入試/05_社会/R2_一般入試_社会_問題・解答用紙.pdf,data/広島県_武田高等学校_高校入試問題/2020/一般入試/05_社会/R2_一般入試_社会_問題・解答用紙.pdf,,620714,武田高等学校
2020-general-05-99,広島県,高校入試,2020,R2,一般入試,社会,解答,R2 一般入試 社会 解答,R2_一般入試_社会_解答.pdf,2020/一般入試/05_社会/R2_一般入試_社会_解答.pdf,data/広島県_武田高等学校_高校入試問題/2020/一般入試/05_社会/R2_一般入試_社会_解答.pdf,,64851,武田高等学校
2021-general-01-99,広島県,高校入試,2021,R3,一般入試,国語,問題・解答用紙,R3 一般入試 国語 問題・解答用紙,R3_一般入試_国語_問題・解答用紙.pdf,2021/一般入試/01_国語/R3_一般入試_国語_問題・解答用紙.pdf,data/広島県_武田高等学校_高校入試問題/2021/一般入試/01_国語/R3_一般入試_国語_問題・解答用紙.pdf,,583241,武田高等学校
2021-general-01-99,広島県,高校入試,2021,R3,一般入試,国語,解答,R3 一般入試 国語 解答,R3_一般入試_国語_解答.pdf,2021/一般入試/01_国語/R3_一般入試_国語_解答.pdf,data/広島県_武田高等学校_高校入試問題/2021/一般入試/01_国語/R3_一般入試_国語_解答.pdf,,45475,武田高等学校
2021-general-02-99,広島県,高校入試,2021,R3,一般入試,数学,問題・解答用紙,R3 一般入試 数学 問題・解答用紙,R3_一般入試_数学_問題・解答用紙.pdf,2021/一般入試/02_数学/R3_一般入試_数学_問題・解答用紙.pdf,data/広島県_武田高等学校_高校入試問題/2021/一般入試/02_数学/R3_一般入試_数学_問題・解答用紙.pdf,,150209,武田高等学校
2021-general-02-99,広島県,高校入試,2021,R3,一般入試,数学,解答,R3 一般入試 数学 解答,R3_一般入試_数学_解答.pdf,2021/一般入試/02_数学/R3_一般入試_数学_解答.pdf,data/広島県_武田高等学校_高校入試問題/2021/一般入試/02_数学/R3_一般入試_数学_解答.pdf,,41937,武田高等学校
2021-general-03-99,広島県,高校入試,2021,R3,一般入試,英語,問題・解答用紙,R3 一般入試 英語 問題・解答用紙,R3_一般入試_英語_問題・解答用紙.pdf,2021/一般入試/03_英語/R3_一般入試_英語_問題・解答用紙.pdf,data/広島県_武田高等学校_高校入試問題/2021/一般入試/03_英語/R3_一般入試_英語_問題・解答用紙.pdf,,352969,武田高等学校
2021-general-03-99,広島県,高校入試,2021,R3,一般入試,英語,解答,R3 一般入試 英語 解答,R3_一般入試_英語_解答.pdf,2021/一般入試/03_英語/R3_一般入試_英語_解答.pdf,data/広島県_武田高等学校_高校入試問題/2021/一般入試/03_英語/R3_一般入試_英語_解答.pdf,,38622,武田高等学校
2021-general-04-99,広島県,高校入試,2021,R3,一般入試,理科,問題・解答用紙,R3 一般入試 理科 問題・解答用紙,R3_一般入試_理科_問題・解答用紙.pdf,2021/一般入試/04_理科/R3_一般入試_理科_問題・解答用紙.pdf,data/広島県_武田高等学校_高校入試問題/2021/一般入試/04_理科/R3_一般入試_理科_問題・解答用紙.pdf,,354657,武田高等学校
2021-general-04-99,広島県,高校入試,2021,R3,一般入試,理科,解答,R3 一般入試 理科 解答,R3_一般入試_理科_解答.pdf,2021/一般入試/04_理科/R3_一般入試_理科_解答.pdf,data/広島県_武田高等学校_高校入試問題/2021/一般入試/04_理科/R3_一般入試_理科_解答.pdf,,41414,武田高等学校
2021-general-05-99,広島県,高校入試,2021,R3,一般入試,社会,問題・解答用紙,R3 一般入試 社会 問題・解答用紙,R3_一般入試_社会_問題・解答用紙.pdf,2021/一般入試/05_社会/R3_一般入試_社会_問題・解答用紙.pdf,data/広島県_武田高等学校_高校入試問題/2021/一般入試/05_社会/R3_一般入試_社会_問題・解答用紙.pdf,,625909,武田高等学校
2021-general-05-99,広島県,高校入試,2021,R3,一般入試,社会,解答,R3 一般入試 社会 解答,R3_一般入試_社会_解答.pdf,2021/一般入試/05_社会/R3_一般入試_社会_解答.pdf,data/広島県_武田高等学校_高校入試問題/2021/一般入試/05_社会/R3_一般入試_社会_解答.pdf,,71531,武田高等学校
2022-general-01-99,広島県,高校入試,2022,R4,一般入試,国語,問題・解答用紙,R4 一般入試 国語 問題・解答用紙,R4_一般入試_国語_問題・解答用紙.pdf,2022/一般入試/01_国語/R4_一般入試_国語_問題・解答用紙.pdf,data/広島県_武田高等学校_高校入試問題/2022/一般入試/01_国語/R4_一般入試_国語_問題・解答用紙.pdf,,484713,武田高等学校
2022-general-01-99,広島県,高校入試,2022,R4,一般入試,国語,解答,R4 一般入試 国語 解答,R4_一般入試_国語_解答.pdf,2022/一般入試/01_国語/R4_一般入試_国語_解答.pdf,data/広島県_武田高等学校_高校入試問題/2022/一般入試/01_国語/R4_一般入試_国語_解答.pdf,,49749,武田高等学校
2022-general-02-99,広島県,高校入試,2022,R4,一般入試,数学,問題・解答用紙,R4 一般入試 数学 問題・解答用紙,R4_一般入試_数学_問題・解答用紙.pdf,2022/一般入試/02_数学/R4_一般入試_数学_問題・解答用紙.pdf,data/広島県_武田高等学校_高校入試問題/2022/一般入試/02_数学/R4_一般入試_数学_問題・解答用紙.pdf,,169888,武田高等学校
2022-general-02-99,広島県,高校入試,2022,R4,一般入試,数学,解答,R4 一般入試 数学 解答,R4_一般入試_数学_解答.pdf,2022/一般入試/02_数学/R4_一般入試_数学_解答.pdf,data/広島県_武田高等学校_高校入試問題/2022/一般入試/02_数学/R4_一般入試_数学_解答.pdf,,33474,武田高等学校
2022-general-03-99,広島県,高校入試,2022,R4,一般入試,英語,問題・解答用紙,R4 一般入試 英語 問題・解答用紙,R4_一般入試_英語_問題・解答用紙.pdf,2022/一般入試/03_英語/R4_一般入試_英語_問題・解答用紙.pdf,data/広島県_武田高等学校_高校入試問題/2022/一般入試/03_英語/R4_一般入試_英語_問題・解答用紙.pdf,,397042,武田高等学校
2022-general-03-99,広島県,高校入試,2022,R4,一般入試,英語,解答,R4 一般入試 英語 解答,R4_一般入試_英語_解答.pdf,2022/一般入試/03_英語/R4_一般入試_英語_解答.pdf,data/広島県_武田高等学校_高校入試問題/2022/一般入試/03_英語/R4_一般入試_英語_解答.pdf,,38252,武田高等学校
2022-general-04-99,広島県,高校入試,2022,R4,一般入試,理科,問題・解答用紙,R4 一般入試 理科 問題・解答用紙,R4_一般入試_理科_問題・解答用紙.pdf,2022/一般入試/04_理科/R4_一般入試_理科_問題・解答用紙.pdf,data/広島県_武田高等学校_高校入試問題/2022/一般入試/04_理科/R4_一般入試_理科_問題・解答用紙.pdf,,355681,武田高等学校
2022-general-04-99,広島県,高校入試,2022,R4,一般入試,理科,解答,R4 一般入試 理科 解答,R4_一般入試_理科_解答.pdf,2022/一般入試/04_理科/R4_一般入試_理科_解答.pdf,data/広島県_武田高等学校_高校入試問題/2022/一般入試/04_理科/R4_一般入試_理科_解答.pdf,,51259,武田高等学校
2022-general-05-99,広島県,高校入試,2022,R4,一般入試,社会,問題・解答用紙,R4 一般入試 社会 問題・解答用紙,R4_一般入試_社会_問題・解答用紙.pdf,2022/一般入試/05_社会/R4_一般入試_社会_問題・解答用紙.pdf,data/広島県_武田高等学校_高校入試問題/2022/一般入試/05_社会/R4_一般入試_社会_問題・解答用紙.pdf,,745198,武田高等学校
2022-general-05-99,広島県,高校入試,2022,R4,一般入試,社会,解答,R4 一般入試 社会 解答,R4_一般入試_社会_解答.pdf,2022/一般入試/05_社会/R4_一般入試_社会_解答.pdf,data/広島県_武田高等学校_高校入試問題/2022/一般入試/05_社会/R4_一般入試_社会_解答.pdf,,62670,武田高等学校
2023-general-01-99,広島県,高校入試,2023,R5,一般入試,国語,問題・解答用紙,R5 一般入試 国語 問題・解答用紙,R5_一般入試_国語_問題・解答用紙.pdf,2023/一般入試/01_国語/R5_一般入試_国語_問題・解答用紙.pdf,data/広島県_武田高等学校_高校入試問題/2023/一般入試/01_国語/R5_一般入試_国語_問題・解答用紙.pdf,,515071,武田高等学校
2023-general-01-99,広島県,高校入試,2023,R5,一般入試,国語,解答,R5 一般入試 国語 解答,R5_一般入試_国語_解答.pdf,2023/一般入試/01_国語/R5_一般入試_国語_解答.pdf,data/広島県_武田高等学校_高校入試問題/2023/一般入試/01_国語/R5_一般入試_国語_解答.pdf,,58605,武田高等学校
2023-general-02-99,広島県,高校入試,2023,R5,一般入試,数学,問題・解答用紙,R5 一般入試 数学 問題・解答用紙,R5_一般入試_数学_問題・解答用紙.pdf,2023/一般入試/02_数学/R5_一般入試_数学_問題・解答用紙.pdf,data/広島県_武田高等学校_高校入試問題/2023/一般入試/02_数学/R5_一般入試_数学_問題・解答用紙.pdf,,161654,武田高等学校
2023-general-02-99,広島県,高校入試,2023,R5,一般入試,数学,解答,R5 一般入試 数学 解答,R5_一般入試_数学_解答.pdf,2023/一般入試/02_数学/R5_一般入試_数学_解答.pdf,data/広島県_武田高等学校_高校入試問題/2023/一般入試/02_数学/R5_一般入試_数学_解答.pdf,,35123,武田高等学校
2023-general-03-99,広島県,高校入試,2023,R5,一般入試,英語,問題・解答用紙,R5 一般入試 英語 問題・解答用紙,R5_一般入試_英語_問題・解答用紙.pdf,2023/一般入試/03_英語/R5_一般入試_英語_問題・解答用紙.pdf,data/広島県_武田高等学校_高校入試問題/2023/一般入試/03_英語/R5_一般入試_英語_問題・解答用紙.pdf,,273032,武田高等学校
2023-general-03-99,広島県,高校入試,2023,R5,一般入試,英語,解答,R5 一般入試 英語 解答,R5_一般入試_英語_解答.pdf,2023/一般入試/03_英語/R5_一般入試_英語_解答.pdf,data/広島県_武田高等学校_高校入試問題/2023/一般入試/03_英語/R5_一般入試_英語_解答.pdf,,32939,武田高等学校
2023-general-04-99,広島県,高校入試,2023,R5,一般入試,理科,問題・解答用紙,R5 一般入試 理科 問題・解答用紙,R5_一般入試_理科_問題・解答用紙.pdf,2023/一般入試/04_理科/R5_一般入試_理科_問題・解答用紙.pdf,data/広島県_武田高等学校_高校入試問題/2023/一般入試/04_理科/R5_一般入試_理科_問題・解答用紙.pdf,,384915,武田高等学校
2023-general-04-99,広島県,高校入試,2023,R5,一般入試,理科,解答,R5 一般入試 理科 解答,R5_一般入試_理科_解答.pdf,2023/一般入試/04_理科/R5_一般入試_理科_解答.pdf,data/広島県_武田高等学校_高校入試問題/2023/一般入試/04_理科/R5_一般入試_理科_解答.pdf,,56081,武田高等学校
2023-general-05-99,広島県,高校入試,2023,R5,一般入試,社会,問題・解答用紙,R5 一般入試 社会 問題・解答用紙,R5_一般入試_社会_問題・解答用紙.pdf,2023/一般入試/05_社会/R5_一般入試_社会_問題・解答用紙.pdf,data/広島県_武田高等学校_高校入試問題/2023/一般入試/05_社会/R5_一般入試_社会_問題・解答用紙.pdf,,642665,武田高等学校
2023-general-05-99,広島県,高校入試,2023,R5,一般入試,社会,解答,R5 一般入試 社会 解答,R5_一般入試_社会_解答.pdf,2023/一般入試/05_社会/R5_一般入試_社会_解答.pdf,data/広島県_武田高等学校_高校入試問題/2023/一般入試/05_社会/R5_一般入試_社会_解答.pdf,,69901,武田高等学校
2024-general-01-99,広島県,高校入試,2024,R6,一般入試,国語,問題・解答用紙,R6 一般入試 国語 問題・解答用紙,R6_一般入試_国語_問題・解答用紙.pdf,2024/一般入試/01_国語/R6_一般入試_国語_問題・解答用紙.pdf,data/広島県_武田高等学校_高校入試問題/2024/一般入試/01_国語/R6_一般入試_国語_問題・解答用紙.pdf,,416266,武田高等学校
2024-general-01-99,広島県,高校入試,2024,R6,一般入試,国語,解答,R6 一般入試 国語 解答,R6_一般入試_国語_解答.pdf,2024/一般入試/01_国語/R6_一般入試_国語_解答.pdf,data/広島県_武田高等学校_高校入試問題/2024/一般入試/01_国語/R6_一般入試_国語_解答.pdf,,65689,武田高等学校
2024-general-02-99,広島県,高校入試,2024,R6,一般入試,数学,問題・解答用紙,R6 一般入試 数学 問題・解答用紙,R6_一般入試_数学_問題・解答用紙.pdf,2024/一般入試/02_数学/R6_一般入試_数学_問題・解答用紙.pdf,data/広島県_武田高等学校_高校入試問題/2024/一般入試/02_数学/R6_一般入試_数学_問題・解答用紙.pdf,,151977,武田高等学校
2024-general-02-99,広島県,高校入試,2024,R6,一般入試,数学,解答,R6 一般入試 数学 解答,R6_一般入試_数学_解答.pdf,2024/一般入試/02_数学/R6_一般入試_数学_解答.pdf,data/広島県_武田高等学校_高校入試問題/2024/一般入試/02_数学/R6_一般入試_数学_解答.pdf,,40219,武田高等学校
2024-general-03-99,広島県,高校入試,2024,R6,一般入試,英語,問題・解答用紙,R6 一般入試 英語 問題・解答用紙,R6_一般入試_英語_問題・解答用紙.pdf,2024/一般入試/03_英語/R6_一般入試_英語_問題・解答用紙.pdf,data/広島県_武田高等学校_高校入試問題/2024/一般入試/03_英語/R6_一般入試_英語_問題・解答用紙.pdf,,307543,武田高等学校
2024-general-03-99,広島県,高校入試,2024,R6,一般入試,英語,解答,R6 一般入試 英語 解答,R6_一般入試_英語_解答.pdf,2024/一般入試/03_英語/R6_一般入試_英語_解答.pdf,data/広島県_武田高等学校_高校入試問題/2024/一般入試/03_英語/R6_一般入試_英語_解答.pdf,,41991,武田高等学校
2024-general-04-99,広島県,高校入試,2024,R6,一般入試,理科,問題・解答用紙,R6 一般入試 理科 問題・解答用紙,R6_一般入試_理科_問題・解答用紙.pdf,2024/一般入試/04_理科/R6_一般入試_理科_問題・解答用紙.pdf,data/広島県_武田高等学校_高校入試問題/2024/一般入試/04_理科/R6_一般入試_理科_問題・解答用紙.pdf,,361741,武田高等学校
2024-general-04-99,広島県,高校入試,2024,R6,一般入試,理科,解答,R6 一般入試 理科 解答,R6_一般入試_理科_解答.pdf,2024/一般入試/04_理科/R6_一般入試_理科_解答.pdf,data/広島県_武田高等学校_高校入試問題/2024/一般入試/04_理科/R6_一般入試_理科_解答.pdf,,52094,武田高等学校
2024-general-05-99,広島県,高校入試,2024,R6,一般入試,社会,問題・解答用紙,R6 一般入試 社会 問題・解答用紙,R6_一般入試_社会_問題・解答用紙.pdf,2024/一般入試/05_社会/R6_一般入試_社会_問題・解答用紙.pdf,data/広島県_武田高等学校_高校入試問題/2024/一般入試/05_社会/R6_一般入試_社会_問題・解答用紙.pdf,,494792,武田高等学校
2024-general-05-99,広島県,高校入試,2024,R6,一般入試,社会,解答,R6 一般入試 社会 解答,R6_一般入試_社会_解答.pdf,2024/一般入試/05_社会/R6_一般入試_社会_解答.pdf,data/広島県_武田高等学校_高校入試問題/2024/一般入試/05_社会/R6_一般入試_社会_解答.pdf,,71191,武田高等学校
2025-general-01-99,広島県,高校入試,2025,R7,一般入試,国語,問題・解答用紙,R7 一般入試 国語 問題・解答用紙,R7_一般入試_国語_問題・解答用紙.pdf,2025/一般入試/01_国語/R7_一般入試_国語_問題・解答用紙.pdf,data/広島県_武田高等学校_高校入試問題/2025/一般入試/01_国語/R7_一般入試_国語_問題・解答用紙.pdf,,367563,武田高等学校
2025-general-02-99,広島県,高校入試,2025,R7,一般入試,数学,問題・解答用紙,R7 一般入試 数学 問題・解答用紙,R7_一般入試_数学_問題・解答用紙.pdf,2025/一般入試/02_数学/R7_一般入試_数学_問題・解答用紙.pdf,data/広島県_武田高等学校_高校入試問題/2025/一般入試/02_数学/R7_一般入試_数学_問題・解答用紙.pdf,,147586,武田高等学校
2025-general-03-99,広島県,高校入試,2025,R7,一般入試,英語,問題・解答用紙,R7 一般入試 英語 問題・解答用紙,R7_一般入試_英語_問題・解答用紙.pdf,2025/一般入試/03_英語/R7_一般入試_英語_問題・解答用紙.pdf,data/広島県_武田高等学校_高校入試問題/2025/一般入試/03_英語/R7_一般入試_英語_問題・解答用紙.pdf,,361763,武田高等学校
2025-general-03-99,広島県,高校入試,2025,R7,一般入試,英語,解答,R7 一般入試 英語 解答,R7_一般入試_英語_解答.pdf,2025/一般入試/03_英語/R7_一般入試_英語_解答.pdf,data/広島県_武田高等学校_高校入試問題/2025/一般入試/03_英語/R7_一般入試_英語_解答.pdf,,47091,武田高等学校
2025-general-04-99,広島県,高校入試,2025,R7,一般入試,理科,問題・解答用紙,R7 一般入試 理科 問題・解答用紙,R7_一般入試_理科_問題・解答用紙.pdf,2025/一般入試/04_理科/R7_一般入試_理科_問題・解答用紙.pdf,data/広島県_武田高等学校_高校入試問題/2025/一般入試/04_理科/R7_一般入試_理科_問題・解答用紙.pdf,,347751,武田高等学校
2025-general-04-99,広島県,高校入試,2025,R7,一般入試,理科,解答,R7 一般入試 理科 解答,R7_一般入試_理科_解答.pdf,2025/一般入試/04_理科/R7_一般入試_理科_解答.pdf,data/広島県_武田高等学校_高校入試問題/2025/一般入試/04_理科/R7_一般入試_理科_解答.pdf,,54561,武田高等学校
2025-general-05-99,広島県,高校入試,2025,R7,一般入試,社会,問題・解答用紙,R7 一般入試 社会 問題・解答用紙,R7_一般入試_社会_問題・解答用紙.pdf,2025/一般入試/05_社会/R7_一般入試_社会_問題・解答用紙.pdf,data/広島県_武田高等学校_高校入試問題/2025/一般入試/05_社会/R7_一般入試_社会_問題・解答用紙.pdf,,732927,武田高等学校
